| Code | Code |
| -- | -- |
| apricorn.black | apricorn.blue |
| apricorn.green | apricorn.pink |
| apricorn.red | apricorn.white |
| apricorn.yellow | av-candy.courage-l |
| av-candy.courage | av-candy.courage-xl |
| av-candy.health-l | av-candy.health |
| av-candy.health-xl | av-candy.mighty-l |
| av-candy.mighty | av-candy.mighty-xl |
| av-candy.quick-l | av-candy.quick |
| av-candy.quick-xl | av-candy.smart-l |
| av-candy.smart | av-candy.smart-xl |
| av-candy.tough-l | av-candy.tough |
| av-candy.tough-xl | ball.beast |
| ball.cherish | ball.dive |
| ball.dream | ball.dusk |
| ball.fast | ball.feather |
| ball.friend | ball.gigaton |
| ball.great | ball.heal |
| ball.heavy | ball.hisuian-great |
| ball.hisuian-heavy | ball.hisuian-poke |
| ball.hisuian-ultra | ball.jet |
| ball.leaden | ball.level |
| ball.love | ball.lure |
| ball.luxury | ball.master |
| ball.moon | ball.nest |
| ball.net | ball.origin |
| ball.park | ball.poke |
| ball.premier | ball.quick |
| ball.repeat | ball.safari |
| ball.sport | ball.strange |
| ball.timer | ball.ultra |
| ball.wing | battle-item.dire-hit |
| battle-item.guard-spec | battle-item.max-mushrooms |
| battle-item.x-accuracy | battle-item.x-attack |
| battle-item.x-defense | battle-item.x-sp-atk |
| battle-item.x-sp-def | battle-item.x-speed |
| berry.aguav | berry.apicot |
| berry.aspear | berry.babiri |
| berry.belue | berry.bluk |
| berry.charti | berry.cheri |
| berry.chesto | berry.chilan |
| berry.chople | berry.coba |
| berry.colbur | berry.cornn |
| berry.custap | berry.durin |
| berry.enigma | berry.figy |
| berry.ganlon | berry.golden-nanab |
| berry.golden-pinap | berry.golden-razz |
| berry.grepa | berry.haban |
| berry.hondew | berry.iapapa |
| berry.jaboca | berry.kasib |
| berry.kebia | berry.kee |
| berry.kelpsy | berry.lansat |
| berry.leppa | berry.liechi |
| berry.lum | berry.mago |
| berry.magost | berry.maranga |
| berry.micle | berry.nanab-gen7 |
| berry.nanab | berry.nomel |
| berry.occa | berry.oran |
| berry.pamtre | berry.passho |
| berry.payapa | berry.pecha |
| berry.persim | berry.petaya |
| berry.pinap | berry.pomeg |
| berry.qualot | berry.rabuta |
| berry.rawst | berry.razz-gen7 |
| berry.razz | berry.rindo |
| berry.roseli | berry.rowap |
| berry.salac | berry.shuca |
| berry.silver-nanab | berry.silver-pinap |
| berry.silver-razz | berry.sitrus |
| berry.spelon | berry.starf |
| berry.tamato | berry.tanga |
| berry.wacan | berry.watmel |
| berry.wepear | berry.wiki |
| berry.yache | curry-ingredient.bachs-food-tin |
| curry-ingredient.bobs-food-tin | curry-ingredient.boiled-egg |
| curry-ingredient.bread | curry-ingredient.brittle-bones |
| curry-ingredient.coconut-milk | curry-ingredient.fancy-apple |
| curry-ingredient.fresh-cream | curry-ingredient.fried-food |
| curry-ingredient.fruit-bunch | curry-ingredient.gigantamix |
| curry-ingredient.instant-noodles | curry-ingredient.large-leek |
| curry-ingredient.mixed-mushrooms | curry-ingredient.moomoo-cheese |
| curry-ingredient.packaged-curry | curry-ingredient.pack-of-potatoes |
| curry-ingredient.pasta | curry-ingredient.precooked-burger |
| curry-ingredient.pungent-root | curry-ingredient.salad-mix |
| curry-ingredient.sausages | curry-ingredient.smoke-poke-tail |
| curry-ingredient.spice-mix | curry-ingredient.tin-of-beans |
| etc.unknown-item | ev-item.macho-brace |
| ev-item.power-anklet | ev-item.power-band |
| ev-item.power-belt | ev-item.power-bracer |
| ev-item.power-lens | ev-item.power-weight |
| evo-item.berry-sweet | evo-item.chipped-pot |
| evo-item.clover-sweet | evo-item.cracked-pot |
| evo-item.dawn-stone | evo-item.deep-sea-scale |
| evo-item.deep-sea-tooth | evo-item.dragon-scale |
| evo-item.dubious-disc | evo-item.dusk-stone |
| evo-item.electirizer | evo-item.fire-stone |
| evo-item.flower-sweet | evo-item.galarica-cuff |
| evo-item.galarica-wreath | evo-item.ice-stone |
| evo-item.kings-rock | evo-item.leaf-stone |
| evo-item.love-sweet | evo-item.magmarizer |
| evo-item.metal-coat | evo-item.moon-stone |
| evo-item.oval-stone | evo-item.prism-scale |
| evo-item.protector | evo-item.razor-claw |
| evo-item.razor-fang | evo-item.reaper-cloth |
| evo-item.ribbon-sweet | evo-item.sachet |
| evo-item.shiny-stone | evo-item.star-sweet |
| evo-item.strawberry-sweet | evo-item.sun-stone |
| evo-item.sweet-apple | evo-item.tart-apple |
| evo-item.thunder-stone | evo-item.up-grade |
| evo-item.water-stone | evo-item.whipped-dream |
| exp-candy.l | exp-candy.m |
| exp-candy.s | exp-candy.xl |
| exp-candy.xs | flute.black |
| flute.blue | flute.red |
| flute.white | flute.yellow |
| fossil.armor | fossil.bird |
| fossil.claw | fossil.cover |
| fossil.dino | fossil.dome |
| fossil.drake | fossil.fish |
| fossil.helix | fossil.jaw |
| fossil.old-amber | fossil.plume |
| fossil.root | fossil.sail |
| fossil.skull | gem.bug |
| gem.dark | gem.dragon |
| gem.electric | gem.fairy |
| gem.fighting | gem.fire |
| gem.flying | gem.ghost |
| gem.grass | gem.ground |
| gem.ice | gem.normal |
| gem.poison | gem.psychic |
| gem.rock | gem.steel |
| gem.water | hm.fighting |
| hm.flying | hm.normal |
| hm.water | hold-item.absorb-bulb |
| hold-item.adamant-orb | hold-item.adrenaline-orb |
| hold-item.air-balloon | hold-item.amulet-coin |
| hold-item.assault-vest | hold-item.big-root |
| hold-item.binding-band | hold-item.black-belt |
| hold-item.black-glasses | hold-item.black-sludge |
| hold-item.blue-orb | hold-item.blunder-policy |
| hold-item.bright-powder | hold-item.burn-drive |
| hold-item.cell-battery | hold-item.charcoal |
| hold-item.chill-drive | hold-item.choice-band |
| hold-item.choice-scarf | hold-item.choice-specs |
| hold-item.cleanse-tag | hold-item.damp-rock |
| hold-item.destiny-knot | hold-item.douse-drive |
| hold-item.dragon-fang | hold-item.eject-button |
| hold-item.eject-pack | hold-item.electric-seed |
| hold-item.everstone | hold-item.eviolite |
| hold-item.expert-belt | hold-item.flame-orb |
| hold-item.float-stone | hold-item.focus-band |
| hold-item.focus-sash | hold-item.grassy-seed |
| hold-item.grip-claw | hold-item.griseous-orb |
| hold-item.hard-stone | hold-item.heat-rock |
| hold-item.heavy-duty-boots | hold-item.icy-rock |
| hold-item.iron-ball | hold-item.kings-rock |
| hold-item.lagging-tail | hold-item.leftovers |
| hold-item.life-orb | hold-item.light-ball |
| hold-item.light-clay | hold-item.lucky-egg |
| hold-item.lucky-punch | hold-item.luminous-moss |
| hold-item.lustrous-orb | hold-item.magnet |
| hold-item.mental-herb | hold-item.metal-coat |
| hold-item.metal-powder | hold-item.metronome |
| hold-item.miracle-seed | hold-item.misty-seed |
| hold-item.muscle-band | hold-item.mystic-water |
| hold-item.never-melt-ice | hold-item.poison-barb |
| hold-item.power-herb | hold-item.protective-pads |
| hold-item.psychic-seed | hold-item.quick-claw |
| hold-item.quick-powder | hold-item.red-card |
| hold-item.red-orb | hold-item.ring-target |
| hold-item.rocky-helmet | hold-item.room-service |
| hold-item.rusted-shield | hold-item.rusted-sword |
| hold-item.safety-goggles | hold-item.scope-lens |
| hold-item.sharp-beak | hold-item.shed-shell |
| hold-item.shell-bell | hold-item.shock-drive |
| hold-item.silk-scarf | hold-item.silver-powder |
| hold-item.smoke-ball | hold-item.smooth-rock |
| hold-item.snowball | hold-item.soft-sand |
| hold-item.soul-dew | hold-item.spell-tag |
| hold-item.stick | hold-item.sticky-barb |
| hold-item.terrain-extender | hold-item.thick-club |
| hold-item.throat-spray | hold-item.toxic-orb |
| hold-item.twisted-spoon | hold-item.utility-umbrella |
| hold-item.weakness-policy | hold-item.white-herb |
| hold-item.wide-lens | hold-item.wise-glasses |
| hold-item.zoom-lens | incense.full |
| incense.lax | incense.luck |
| incense.odd | incense.pure |
| incense.rock | incense.rose |
| incense.sea | incense.wave |
| key-item.acro-bike-gen3 | key-item.acro-bike |
| key-item.adventure-guide | key-item.adventure-rules |
| key-item.apricorn-box | key-item.aqua-suit |
| key-item.armor-pass | key-item.auroraticket |
| key-item.autograph | key-item.azure-flute |
| key-item.band-autograph | key-item.basement-key--goldenrod |
| key-item.basement-key--new-mauville | key-item.basement-key |
| key-item.berry-pots | key-item.berry-pouch |
| key-item.bicycle | key-item.bike--green |
| key-item.bike-voucher | key-item.bike--yellow |
| key-item.black-mane-hair | key-item.blue-card |
| key-item.blue-orb-gen3 | key-item.blue-orb-gen4 |
| key-item.camping-gear | key-item.card-key-gen3 |
| key-item.card-key | key-item.carrot-seeds |
| key-item.catching-charm | key-item.clear-bell |
| key-item.coin-case | key-item.colress-machine |
| key-item.common-stone | key-item.contest-costume--dress |
| key-item.contest-costume--jacket | key-item.contest-pass |
| key-item.coupon-1 | key-item.coupon-2 |
| key-item.coupon-3 | key-item.crown-pass |
| key-item.dark-stone | key-item.data-card |
| key-item.devon-goods | key-item.devon-parts |
| key-item.devon-scope-gen3 | key-item.devon-scope |
| key-item.devon-scuba-gear | key-item.dna-splicers |
| key-item.dowsing-machine-gen3 | key-item.dowsing-machine-gen4 |
| key-item.dowsing-machine-gen5 | key-item.dowsing-machine |
| key-item.dowsing-machine-xy | key-item.dragon-skull |
| key-item.dropped-item | key-item.dropped-item--red |
| key-item.dropped-item--yellow | key-item.dynamax-band |
| key-item.elevator-key | key-item.endorsement |
| key-item.enigma-stone | key-item.enigmatic-card |
| key-item.eon-flute | key-item.eon-ticket |
| key-item.exp-charm | key-item.explorer-kit |
| key-item.exp-share | key-item.fame-checker |
| key-item.fashion-case | key-item.festival-ticket |
| key-item.fishing-rod-gen7 | key-item.fishing-rod |
| key-item.forage-bag | key-item.galactic-key |
| key-item.gb-sounds | key-item.god-stone |
| key-item.go-goggles-gen3 | key-item.go-goggles |
| key-item.gold-teeth-gen3 | key-item.gold-teeth |
| key-item.good-rod | key-item.gracidea |
| key-item.gram-1 | key-item.gram-2 |
| key-item.gram-3 | key-item.grubby-hanky |
| key-item.hi-tech-earbuds | key-item.holo-caster--green |
| key-item.holo-caster | key-item.holo-caster--red |
| key-item.honor-of-kalos | key-item.iceroot-carrot |
| key-item.intriguing-stone | key-item.jade-orb |
| key-item.journal | key-item.key-stone-gen6 |
| key-item.key-stone | key-item.key-to-room-1 |
| key-item.key-to-room-2 | key-item.key-to-room-4 |
| key-item.key-to-room-6 | key-item.legendary-clue |
| key-item.lens-case | key-item.letter |
| key-item.liberty-pass | key-item.lift-key-gen3 |
| key-item.lift-key | key-item.light-stone |
| key-item.lock-capsule-gen4 | key-item.lock-capsule |
| key-item.looker-ticket | key-item.loot-sack |
| key-item.lost-item-mimejr | key-item.lost-item |
| key-item.lunar-wing | key-item.mach-bike-gen3 |
| key-item.mach-bike | key-item.machine-part |
| key-item.magma-emblem | key-item.magma-stone |
| key-item.magma-suit | key-item.makeup-bag |
| key-item.mark-charm | key-item.medal-box |
| key-item.mega-bracelet | key-item.mega-charm |
| key-item.mega-cuff | key-item.mega-ring |
| key-item.member-card | key-item.meteorite--2 |
| key-item.meteorite--3 | key-item.meteorite--4 |
| key-item.meteorite | key-item.meteorite-shard |
| key-item.moon-flute | key-item.mystery-egg |
| key-item.mysticticket | key-item.n-lunarizer |
| key-item.n-solarizer | key-item.oaks-letter |
| key-item.oaks-parcel | key-item.old-amber |
| key-item.old-charm | key-item.old-letter |
| key-item.old-rod | key-item.old-sea-map |
| key-item.oval-charm | key-item.pair-of-tickets |
| key-item.pal-pad | key-item.parcel |
| key-item.pass | key-item.permit |
| key-item.photo-album | key-item.plasma-card |
| key-item.poffin-case | key-item.point-card |
| key-item.pokeblock-case | key-item.pokeblock-kit |
| key-item.poke-flute-gen3 | key-item.poke-flute |
| key-item.pokemon-box-link | key-item.poke-radar |
| key-item.powder-jar | key-item.power-plant-pass |
| key-item.prison-bottle | key-item.professors-mask |
| key-item.profs-letter | key-item.prop-case |
| key-item.radiant-petal | key-item.rainbow-flower |
| key-item.rainbow-pass | key-item.rainbow-wing |
| key-item.red-chain | key-item.red-orb-gen3 |
| key-item.red-orb-gen4 | key-item.red-scale |
| key-item.reins-of-unity | key-item.reveal-glass |
| key-item.ride-pager | key-item.rm-1-key |
| key-item.rm-2-key | key-item.rm-4-key |
| key-item.rm-6-key | key-item.roller-skates |
| key-item.rotom-bike-1 | key-item.rotom-bike-2 |
| key-item.rotom-bike-3 | key-item.rotom-bike-4 |
| key-item.rotom-catalog | key-item.ruby |
| key-item.rule-book | key-item.sapphire |
| key-item.scanner | key-item.seal-bag |
| key-item.seal-case | key-item.secret-key-kanto |
| key-item.secret-key-sinnoh | key-item.secret-potion |
| key-item.shaderoot-carrot | key-item.shiny-charm |
| key-item.silph-scope-gen3 | key-item.silph-scope |
| key-item.silver-wing | key-item.sonias-book |
| key-item.soot-sack | key-item.sparkling-stone |
| key-item.sparkling-stone-sm | key-item.sprayduck |
| key-item.sprinklotad | key-item.squirt-bottle |
| key-item.ss-ticket | key-item.storage-key--galactic-warehouse |
| key-item.storage-key | key-item.storage-key--sea-mauville |
| key-item.style-card | key-item.suite-key |
| key-item.sun-flute | key-item.super-rod |
| key-item.surge-badge | key-item.teachy-tv |
| key-item.tea-gen3 | key-item.tea |
| key-item.tidal-bell | key-item.tm-case |
| key-item.tmv-pass | key-item.town-map-gen3 |
| key-item.town-map-gen4 | key-item.town-map |
| key-item.travel-trunk--gold | key-item.travel-trunk |
| key-item.travel-trunk--silver | key-item.tri-pass |
| key-item.unown-report | key-item.vs-recorder |
| key-item.vs-seeker | key-item.wailmer-pail |
| key-item.white-mane-hair | key-item.wishing-chip |
| key-item.wishing-star | key-item.wooden-crown |
| key-item.works-key | key-item.xtransceiver--blue |
| key-item.xtransceiver | key-item.xtransceiver--red |
| key-item.xtransceiver--yellow | key-item.z-power-ring |
| key-item.z-ring | key-item.zygarde-cube |
| mail.air-mail | mail.bead-mail |
| mail.bloom-mail | mail.brick-mail |
| mail.bridge-mail-d | mail.bridge-mail-m |
| mail.bridge-mail-s | mail.bridge-mail-t |
| mail.bridge-mail-v | mail.bubble-mail |
| mail.dream-mail | mail.fab-mail |
| mail.favored-mail | mail.flame-mail |
| mail.glitter-mail | mail.grass-mail |
| mail.greet-mail | mail.harbor-mail |
| mail.heart-mail | mail.inquiry-mail |
| mail.like-mail | mail.mech-mail |
| mail.mosaic-mail | mail.orange-mail |
| mail.reply-mail | mail.retro-mail |
| mail.rsvp-mail | mail.shadow-mail |
| mail.snow-mail | mail.space-mail |
| mail.steel-mail | mail.thanks-mail |
| mail.tropic-mail | mail.tunnel-mail |
| mail.wave-mail | mail.wood-mail |
| medicine.ability-capsule | medicine.antidote |
| medicine.awakening | medicine.berry-juice |
| medicine.big-malasada | medicine.burn-heal |
| medicine.calcium | medicine.carbos |
| medicine.casteliacone | medicine.clever-wing |
| medicine.elixir | medicine.energy-powder |
| medicine.energy-root | medicine.ether |
| medicine.fresh-water | medicine.full-heal |
| medicine.full-restore | medicine.genius-wing |
| medicine.heal-powder | medicine.health-wing |
| medicine.hp-up | medicine.hyper-potion |
| medicine.ice-heal | medicine.iron |
| medicine.lava-cookie | medicine.lemonade |
| medicine.lumiose-galette | medicine.max-elixir |
| medicine.max-ether | medicine.max-honey |
| medicine.max-potion | medicine.max-revive |
| medicine.moomoo-milk | medicine.muscle-wing |
| medicine.old-gateau | medicine.paralyze-heal |
| medicine.pewter-crunchies | medicine.potion |
| medicine.pp-max | medicine.pp-up |
| medicine.protein | medicine.rage-candy-bar |
| medicine.rare-candy | medicine.resist-wing |
| medicine.revival-herb | medicine.revive |
| medicine.sacred-ash | medicine.shalour-sable |
| medicine.soda-pop | medicine.super-potion |
| medicine.sweet-heart | medicine.swift-wing |
| medicine.zinc | mega-stone.abomasite |
| mega-stone.absolite | mega-stone.aerodactylite |
| mega-stone.aggronite | mega-stone.alakazite |
| mega-stone.altarianite | mega-stone.ampharosite |
| mega-stone.audinite | mega-stone.banettite |
| mega-stone.beedrillite | mega-stone.blastoisinite |
| mega-stone.blazikenite | mega-stone.cameruptite |
| mega-stone.charizardite-x | mega-stone.charizardite-y |
| mega-stone.diancite | mega-stone.galladite |
| mega-stone.garchompite | mega-stone.gardevoirite |
| mega-stone.gengarite | mega-stone.glalitite |
| mega-stone.gyaradosite | mega-stone.heracronite |
| mega-stone.houndoominite | mega-stone.kangaskhanite |
| mega-stone.latiasite | mega-stone.latiosite |
| mega-stone.lopunnite | mega-stone.lucarionite |
| mega-stone.manectite | mega-stone.mawilite |
| mega-stone.medichamite | mega-stone.metagrossite |
| mega-stone.mewtwonite-x | mega-stone.mewtwonite-y |
| mega-stone.pidgeotite | mega-stone.pinsirite |
| mega-stone.sablenite | mega-stone.salamencite |
| mega-stone.sceptilite | mega-stone.scizorite |
| mega-stone.sharpedonite | mega-stone.slowbronite |
| mega-stone.steelixite | mega-stone.swampertite |
| mega-stone.tyranitarite | mega-stone.venusaurite |
| memory.bug | memory.dark |
| memory.dragon | memory.electric |
| memory.fairy | memory.fighting |
| memory.fire | memory.flying |
| memory.ghost | memory.grass |
| memory.ground | memory.ice |
| memory.poison | memory.psychic |
| memory.rock | memory.steel |
| memory.water | mint.attack |
| mint.defense | mint.neutral |
| mint.special-attack | mint.special-defense |
| mint.speed | mulch.amaze |
| mulch.boost | mulch.damp |
| mulch.gooey | mulch.growth |
| mulch.rich | mulch.stable |
| mulch.surprise | other-item.ability-patch |
| other-item.armorite-ore | other-item.bottle-cap |
| other-item.discount-coupon | other-item.dynamax-candy |
| other-item.dynamax-crystal | other-item.dynite-ore |
| other-item.escape-rope | other-item.fluffy-tail |
| other-item.galarica-twig | other-item.gold-bottle-cap |
| other-item.heart-scale | other-item.honey |
| other-item.lure | other-item.max-lure |
| other-item.max-repel | other-item.odd-keystone |
| other-item.pass-orb | other-item.pink-nectar |
| other-item.poke-doll | other-item.poke-toy |
| other-item.purple-nectar | other-item.red-nectar |
| other-item.repel | other-item.soothe-bell |
| other-item.strange-souvenir | other-item.super-lure |
| other-item.super-repel | other-item.wishing-piece |
| other-item.yellow-nectar | partner-gift.beach-glass |
| partner-gift.chalky-stone | partner-gift.gold-leaf |
| partner-gift.leaf-letter-eevee | partner-gift.leaf-letter-pikachu |
| partner-gift.lone-earring | partner-gift.marble |
| partner-gift.polished-mud-ball | partner-gift.silver-leaf |
| partner-gift.small-bouquet | partner-gift.stretchy-spring |
| partner-gift.tropical-shell | petal.blue |
| petal.green | petal.orange |
| petal.pink | petal.purple |
| petal.red | petal.yellow |
| plate.draco | plate.dread |
| plate.earth | plate.fist |
| plate.flame | plate.icicle |
| plate.insect | plate.iron |
| plate.meadow | plate.mind |
| plate.pixie | plate.sky |
| plate.splash | plate.spooky |
| plate.stone | plate.toxic |
| plate.zap | poke-candy.black |
| poke-candy.blue | poke-candy.brown |
| poke-candy.gray | poke-candy.green |
| poke-candy.pink | poke-candy.purple |
| poke-candy.red | poke-candy.white |
| poke-candy.yellow | pokemon.abomasnow-mega |
| pokemon.abomasnow | pokemon.abra |
| pokemon.absol-mega | pokemon.absol |
| pokemon.accelgor | pokemon.aegislash-blade |
| pokemon.aegislash | pokemon.aerodactyl-mega |
| pokemon.aerodactyl | pokemon.aggron-mega |
| pokemon.aggron | pokemon.aipom |
| pokemon.alakazam-mega | pokemon.alakazam |
| pokemon.alcremie-caramel-swirl-berry | pokemon.alcremie-caramel-swirl-clover |
| pokemon.alcremie-caramel-swirl-flower | pokemon.alcremie-caramel-swirl-love |
| pokemon.alcremie-caramel-swirl-plain | pokemon.alcremie-caramel-swirl-ribbon |
| pokemon.alcremie-caramel-swirl-star | pokemon.alcremie-caramel-swirl-strawberry |
| pokemon.alcremie-gmax | pokemon.alcremie-lemon-cream-berry |
| pokemon.alcremie-lemon-cream-clover | pokemon.alcremie-lemon-cream-flower |
| pokemon.alcremie-lemon-cream-love | pokemon.alcremie-lemon-cream-plain |
| pokemon.alcremie-lemon-cream-ribbon | pokemon.alcremie-lemon-cream-star |
| pokemon.alcremie-lemon-cream-strawberry | pokemon.alcremie-matcha-cream-berry |
| pokemon.alcremie-matcha-cream-clover | pokemon.alcremie-matcha-cream-flower |
| pokemon.alcremie-matcha-cream-love | pokemon.alcremie-matcha-cream-plain |
| pokemon.alcremie-matcha-cream-ribbon | pokemon.alcremie-matcha-cream-star |
| pokemon.alcremie-matcha-cream-strawberry | pokemon.alcremie-mint-cream-berry |
| pokemon.alcremie-mint-cream-clover | pokemon.alcremie-mint-cream-flower |
| pokemon.alcremie-mint-cream-love | pokemon.alcremie-mint-cream-plain |
| pokemon.alcremie-mint-cream-ribbon | pokemon.alcremie-mint-cream-star |
| pokemon.alcremie-mint-cream-strawberry | pokemon.alcremie |
| pokemon.alcremie-rainbow-swirl-berry | pokemon.alcremie-rainbow-swirl-clover |
| pokemon.alcremie-rainbow-swirl-flower | pokemon.alcremie-rainbow-swirl-love |
| pokemon.alcremie-rainbow-swirl-plain | pokemon.alcremie-rainbow-swirl-ribbon |
| pokemon.alcremie-rainbow-swirl-star | pokemon.alcremie-rainbow-swirl-strawberry |
| pokemon.alcremie-ruby-cream-berry | pokemon.alcremie-ruby-cream-clover |
| pokemon.alcremie-ruby-cream-flower | pokemon.alcremie-ruby-cream-love |
| pokemon.alcremie-ruby-cream-plain | pokemon.alcremie-ruby-cream-ribbon |
| pokemon.alcremie-ruby-cream-star | pokemon.alcremie-ruby-cream-strawberry |
| pokemon.alcremie-ruby-swirl-berry | pokemon.alcremie-ruby-swirl-clover |
| pokemon.alcremie-ruby-swirl-flower | pokemon.alcremie-ruby-swirl-love |
| pokemon.alcremie-ruby-swirl-plain | pokemon.alcremie-ruby-swirl-ribbon |
| pokemon.alcremie-ruby-swirl-star | pokemon.alcremie-ruby-swirl-strawberry |
| pokemon.alcremie-salted-cream-berry | pokemon.alcremie-salted-cream-clover |
| pokemon.alcremie-salted-cream-flower | pokemon.alcremie-salted-cream-love |
| pokemon.alcremie-salted-cream-plain | pokemon.alcremie-salted-cream-ribbon |
| pokemon.alcremie-salted-cream-star | pokemon.alcremie-salted-cream-strawberry |
| pokemon.alcremie-vanilla-cream-berry | pokemon.alcremie-vanilla-cream-clover |
| pokemon.alcremie-vanilla-cream-flower | pokemon.alcremie-vanilla-cream-love |
| pokemon.alcremie-vanilla-cream-plain | pokemon.alcremie-vanilla-cream-ribbon |
| pokemon.alcremie-vanilla-cream-star | pokemon.alcremie-vanilla-cream-strawberry |
| pokemon.alomomola | pokemon.altaria-mega |
| pokemon.altaria | pokemon.amaura |
| pokemon.ambipom | pokemon.amoonguss |
| pokemon.ampharos-mega | pokemon.ampharos |
| pokemon.annihilape | pokemon.anorith |
| pokemon.appletun-gmax | pokemon.appletun |
| pokemon.applin | pokemon.araquanid |
| pokemon.arbok | pokemon.arboliva |
| pokemon.arcanine-hisui-noble | pokemon.arcanine-hisui |
| pokemon.arcanine | pokemon.arceus-bug |
| pokemon.arceus-dark | pokemon.arceus-dragon |
| pokemon.arceus-electric | pokemon.arceus-fairy |
| pokemon.arceus-fighting | pokemon.arceus-fire |
| pokemon.arceus-flying | pokemon.arceus-ghost |
| pokemon.arceus-grass | pokemon.arceus-ground |
| pokemon.arceus-ice | pokemon.arceus |
| pokemon.arceus-poison | pokemon.arceus-psychic |
| pokemon.arceus-rock | pokemon.arceus-steel |
| pokemon.arceus-unknown | pokemon.arceus-water |
| pokemon.archaludon | pokemon.archen |
| pokemon.archeops | pokemon.arctibax |
| pokemon.arctovish | pokemon.arctozolt |
| pokemon.ariados | pokemon.armaldo |
| pokemon.armarouge | pokemon.aromatisse |
| pokemon.aron | pokemon.arrokuda |
| pokemon.articuno-galar | pokemon.articuno |
| pokemon.audino-mega | pokemon.audino |
| pokemon.aurorus | pokemon.avalugg-hisui-noble |
| pokemon.avalugg-hisui | pokemon.avalugg |
| pokemon.axew | pokemon.azelf |
| pokemon.azumarill | pokemon.azurill |
| pokemon.bagon | pokemon.baltoy |
| pokemon.banette-mega | pokemon.banette |
| pokemon.barbaracle | pokemon.barboach |
| pokemon.barraskewda | pokemon.basculegion |
| pokemon.basculin-blue-striped | pokemon.basculin |
| pokemon.basculin-white-striped | pokemon.bastiodon |
| pokemon.baxcalibur | pokemon.bayleef |
| pokemon.beartic | pokemon.beautifly |
| pokemon.beedrill-mega | pokemon.beedrill |
| pokemon.beheeyem | pokemon.beldum |
| pokemon.bellibolt | pokemon.bellossom |
| pokemon.bellsprout | pokemon.bergmite |
| pokemon.bewear | pokemon.bibarel |
| pokemon.bidoof | pokemon.binacle |
| pokemon.bisharp | pokemon.blacephalon |
| pokemon.blastoise-gmax | pokemon.blastoise-mega |
| pokemon.blastoise | pokemon.blaziken-mega |
| pokemon.blaziken | pokemon.blipbug |
| pokemon.blissey | pokemon.blitzle |
| pokemon.boldore | pokemon.boltund |
| pokemon.bombirdier | pokemon.bonsly |
| pokemon.bouffalant | pokemon.bounsweet |
| pokemon.braixen | pokemon.brambleghast |
| pokemon.bramblin | pokemon.braviary-hisui |
| pokemon.braviary | pokemon.breloom |
| pokemon.brionne | pokemon.bronzong |
| pokemon.bronzor | pokemon.brute-bonnet |
| pokemon.bruxish | pokemon.budew |
| pokemon.buizel | pokemon.bulbasaur |
| pokemon.buneary | pokemon.bunnelby |
| pokemon.burmy | pokemon.burmy-sandy |
| pokemon.burmy-trash | pokemon.butterfree-gmax |
| pokemon.butterfree | pokemon.buzzwole |
| pokemon.cacnea | pokemon.cacturne |
| pokemon.calyrex-ice-rider | pokemon.calyrex |
| pokemon.calyrex-shadow-rider | pokemon.camerupt-mega |
| pokemon.camerupt | pokemon.capsakid |
| pokemon.carbink | pokemon.carkol |
| pokemon.carnivine | pokemon.carracosta |
| pokemon.carvanha | pokemon.cascoon |
| pokemon.castform | pokemon.castform-rainy |
| pokemon.castform-snowy | pokemon.castform-sunny |
| pokemon.caterpie | pokemon.celebi |
| pokemon.celesteela | pokemon.centiskorch-gmax |
| pokemon.centiskorch | pokemon.ceruledge |
| pokemon.cetitan | pokemon.cetoddle |
| pokemon.chandelure | pokemon.chansey |
| pokemon.charcadet | pokemon.charizard-gmax |
| pokemon.charizard-mega-x | pokemon.charizard-mega-y |
| pokemon.charizard | pokemon.charjabug |
| pokemon.charmander | pokemon.charmeleon |
| pokemon.chatot | pokemon.cherrim |
| pokemon.cherrim-sunshine | pokemon.cherubi |
| pokemon.chesnaught | pokemon.chespin |
| pokemon.chewtle | pokemon.chien-pao |
| pokemon.chikorita | pokemon.chimchar |
| pokemon.chimecho | pokemon.chinchou |
| pokemon.chingling | pokemon.chi-yu |
| pokemon.cinccino | pokemon.cinderace-gmax |
| pokemon.cinderace | pokemon.clamperl |
| pokemon.clauncher | pokemon.clawitzer |
| pokemon.claydol | pokemon.clefable |
| pokemon.clefairy | pokemon.cleffa |
| pokemon.clobbopus | pokemon.clodsire |
| pokemon.cloyster | pokemon.coalossal-gmax |
| pokemon.coalossal | pokemon.cobalion |
| pokemon.cofagrigus | pokemon.combee |
| pokemon.combusken | pokemon.comfey |
| pokemon.conkeldurr | pokemon.copperajah-gmax |
| pokemon.copperajah | pokemon.corphish |
| pokemon.corsola-galar | pokemon.corsola |
| pokemon.corviknight-gmax | pokemon.corviknight |
| pokemon.corvisquire | pokemon.cosmoem |
| pokemon.cosmog | pokemon.cottonee |
| pokemon.crabominable | pokemon.crabrawler |
| pokemon.cradily | pokemon.cramorant-gorging |
| pokemon.cramorant-gulping | pokemon.cramorant |
| pokemon.cranidos | pokemon.crawdaunt |
| pokemon.cresselia | pokemon.croagunk |
| pokemon.crobat | pokemon.crocalor |
| pokemon.croconaw | pokemon.crustle |
| pokemon.cryogonal | pokemon.cubchoo |
| pokemon.cubone | pokemon.cufant |
| pokemon.cursola | pokemon.cutiefly |
| pokemon.cyclizar-mount | pokemon.cyclizar |
| pokemon.cyndaquil | pokemon.dachsbun |
| pokemon.darkrai | pokemon.darmanitan-galar |
| pokemon.darmanitan-galar-zen | pokemon.darmanitan |
| pokemon.darmanitan-zen | pokemon.dartrix |
| pokemon.darumaka-galar | pokemon.darumaka |
| pokemon.decidueye-hisui | pokemon.decidueye |
| pokemon.dedenne | pokemon.deerling-autumn |
| pokemon.deerling | pokemon.deerling-summer |
| pokemon.deerling-winter | pokemon.deino |
| pokemon.delcatty | pokemon.delibird |
| pokemon.delphox | pokemon.deoxys-attack |
| pokemon.deoxys-defense | pokemon.deoxys |
| pokemon.deoxys-speed | pokemon.dewgong |
| pokemon.dewott | pokemon.dewpider |
| pokemon.dhelmise | pokemon.dialga-origin |
| pokemon.dialga | pokemon.diancie-mega |
| pokemon.diancie | pokemon.diggersby |
| pokemon.diglett-alola | pokemon.diglett |
| pokemon.dipplin | pokemon.ditto |
| pokemon.dodrio | pokemon.doduo |
| pokemon.dolliv | pokemon.dondozo |
| pokemon.donphan | pokemon.dottler |
| pokemon.doublade | pokemon.dracovish |
| pokemon.dracozolt | pokemon.dragalge |
| pokemon.dragapult | pokemon.dragonair |
| pokemon.dragonite | pokemon.drakloak |
| pokemon.drampa | pokemon.drapion |
| pokemon.dratini | pokemon.drednaw-gmax |
| pokemon.drednaw | pokemon.dreepy |
| pokemon.drifblim | pokemon.drifloon |
| pokemon.drilbur | pokemon.drizzile |
| pokemon.drowzee | pokemon.druddigon |
| pokemon.dubwool | pokemon.ducklett |
| pokemon.dudunsparce | pokemon.dudunsparce-three-segment |
| pokemon.dugtrio-alola | pokemon.dugtrio |
| pokemon.dunsparce | pokemon.duosion |
| pokemon.duraludon-gmax | pokemon.duraludon |
| pokemon.durant | pokemon.dusclops |
| pokemon.dusknoir | pokemon.duskull |
| pokemon.dustox | pokemon.dwebble |
| pokemon.eelektrik | pokemon.eelektross |
| pokemon.eevee-gmax | pokemon.eevee |
| pokemon.eevee-starter | pokemon.egg-manaphy |
| pokemon.egg | pokemon.eiscue-noice |
| pokemon.eiscue | pokemon.ekans |
| pokemon.eldegoss | pokemon.electabuzz |
| pokemon.electivire | pokemon.electrike |
| pokemon.electrode-hisui-noble | pokemon.electrode-hisui |
| pokemon.electrode | pokemon.elekid |
| pokemon.elgyem | pokemon.emboar |
| pokemon.emolga | pokemon.empoleon |
| pokemon.enamorus | pokemon.enamorus-therian |
| pokemon.entei | pokemon.escavalier |
| pokemon.espathra | pokemon.espeon |
| pokemon.espurr | pokemon.eternatus-eternamax |
| pokemon.eternatus | pokemon.excadrill |
| pokemon.exeggcute | pokemon.exeggutor-alola |
| pokemon.exeggutor | pokemon.exploud |
| pokemon.falinks | pokemon.farfetchd-galar |
| pokemon.farfetchd | pokemon.farigiraf |
| pokemon.fearow | pokemon.feebas |
| pokemon.female.basculegion | pokemon.female.frillish |
| pokemon.female.hippopotas | pokemon.female.hippowdon |
| pokemon.female.indeedee | pokemon.female.jellicent |
| pokemon.female.meowstic | pokemon.female.pikachu-alola-cap |
| pokemon.female.pikachu-hoenn-cap | pokemon.female.pikachu-kalos-cap |
| pokemon.female.pikachu-original-cap | pokemon.female.pikachu-partner-cap |
| pokemon.female.pikachu | pokemon.female.pikachu-sinnoh-cap |
| pokemon.female.pikachu-starter | pokemon.female.pikachu-unova-cap |
| pokemon.female.pikachu-world-cap | pokemon.female.pyroar |
| pokemon.female.unfezant | pokemon.female.wobbuffet |
| pokemon.fennekin | pokemon.feraligatr |
| pokemon.ferroseed | pokemon.ferrothorn |
| pokemon.fezandipiti | pokemon.fidough |
| pokemon.finizen | pokemon.finneon |
| pokemon.flaaffy | pokemon.flabebe-blue |
| pokemon.flabebe-orange | pokemon.flabebe |
| pokemon.flabebe-white | pokemon.flabebe-yellow |
| pokemon.flamigo | pokemon.flapple-gmax |
| pokemon.flapple | pokemon.flareon |
| pokemon.fletchinder | pokemon.fletchling |
| pokemon.flittle | pokemon.floatzel |
| pokemon.floette-blue | pokemon.floette-eternal |
| pokemon.floette-orange | pokemon.floette |
| pokemon.floette-white | pokemon.floette-yellow |
| pokemon.floragato | pokemon.florges-blue |
| pokemon.florges-orange | pokemon.florges |
| pokemon.florges-white | pokemon.florges-yellow |
| pokemon.flutter-mane | pokemon.flygon |
| pokemon.fomantis | pokemon.foongus |
| pokemon.forretress | pokemon.fraxure |
| pokemon.frigibax | pokemon.frillish |
| pokemon.froakie | pokemon.frogadier |
| pokemon.froslass | pokemon.frosmoth |
| pokemon.fuecoco | pokemon.furfrou-dandy |
| pokemon.furfrou-debutante | pokemon.furfrou-diamond |
| pokemon.furfrou-heart | pokemon.furfrou-kabuki |
| pokemon.furfrou-la-reine | pokemon.furfrou-matron |
| pokemon.furfrou-pharaoh | pokemon.furfrou |
| pokemon.furfrou-star | pokemon.furret |
| pokemon.gabite | pokemon.gallade-mega |
| pokemon.gallade | pokemon.galvantula |
| pokemon.garbodor-gmax | pokemon.garbodor |
| pokemon.garchomp-mega | pokemon.garchomp |
| pokemon.gardevoir-mega | pokemon.gardevoir |
| pokemon.garganacl | pokemon.gastly |
| pokemon.gastrodon-east | pokemon.gastrodon |
| pokemon.genesect-burn | pokemon.genesect-chill |
| pokemon.genesect-douse | pokemon.genesect-no-drive |
| pokemon.genesect | pokemon.genesect-shock |
| pokemon.gengar-gmax | pokemon.gengar-mega |
| pokemon.gengar | pokemon.geodude-alola |
| pokemon.geodude | pokemon.gholdengo |
| pokemon.gible | pokemon.gigalith |
| pokemon.gimmighoul | pokemon.gimmighoul-roaming |
| pokemon.girafarig | pokemon.giratina-origin |
| pokemon.giratina | pokemon.glaceon |
| pokemon.glalie-mega | pokemon.glalie |
| pokemon.glameow | pokemon.glastrier |
| pokemon.gligar | pokemon.glimmet |
| pokemon.glimmora | pokemon.gliscor |
| pokemon.gloom | pokemon.gogoat |
| pokemon.golbat | pokemon.goldeen |
| pokemon.golduck | pokemon.golem-alola |
| pokemon.golem | pokemon.golett |
| pokemon.golisopod | pokemon.golurk |
| pokemon.goodra-hisui | pokemon.goodra |
| pokemon.goomy | pokemon.gorebyss |
| pokemon.gossifleur | pokemon.gothita |
| pokemon.gothitelle | pokemon.gothorita |
| pokemon.gouging-fire | pokemon.gourgeist-large |
| pokemon.gourgeist | pokemon.gourgeist-small |
| pokemon.gourgeist-super | pokemon.grafaiai |
| pokemon.granbull | pokemon.grapploct |
| pokemon.graveler-alola | pokemon.graveler |
| pokemon.great-tusk | pokemon.greavard |
| pokemon.greedent | pokemon.greninja-ash |
| pokemon.greninja | pokemon.grimer-alola |
| pokemon.grimer | pokemon.grimmsnarl-gmax |
| pokemon.grimmsnarl | pokemon.grookey |
| pokemon.grotle | pokemon.groudon |
| pokemon.groudon-primal | pokemon.grovyle |
| pokemon.growlithe-hisui | pokemon.growlithe |
| pokemon.grubbin | pokemon.grumpig |
| pokemon.gulpin | pokemon.gumshoos |
| pokemon.gurdurr | pokemon.guzzlord |
| pokemon.gyarados-mega | pokemon.gyarados |
| pokemon.hakamo-o | pokemon.happiny |
| pokemon.hariyama | pokemon.hatenna |
| pokemon.hatterene-gmax | pokemon.hatterene |
| pokemon.hattrem | pokemon.haunter |
| pokemon.hawlucha | pokemon.haxorus |
| pokemon.heatmor | pokemon.heatran |
| pokemon.heliolisk | pokemon.helioptile |
| pokemon.heracross-mega | pokemon.heracross |
| pokemon.herdier | pokemon.hippopotas |
| pokemon.hippowdon | pokemon.hitmonchan |
| pokemon.hitmonlee | pokemon.hitmontop |
| pokemon.honchkrow | pokemon.honedge |
| pokemon.ho-oh | pokemon.hoopa |
| pokemon.hoopa-unbound | pokemon.hoothoot |
| pokemon.hoppip | pokemon.horsea |
| pokemon.houndoom-mega | pokemon.houndoom |
| pokemon.houndour | pokemon.houndstone |
| pokemon.huntail | pokemon.hydrapple |
| pokemon.hydreigon | pokemon.hypno |
| pokemon.igglybuff | pokemon.illumise |
| pokemon.impidimp | pokemon.incineroar |
| pokemon.indeedee | pokemon.infernape |
| pokemon.inkay | pokemon.inteleon-gmax |
| pokemon.inteleon | pokemon.iron-boulder |
| pokemon.iron-bundle | pokemon.iron-crown |
| pokemon.iron-hands | pokemon.iron-jugulis |
| pokemon.iron-leaves | pokemon.iron-moth |
| pokemon.iron-thorns | pokemon.iron-treads |
| pokemon.iron-valiant | pokemon.ivysaur |
| pokemon.jangmo-o | pokemon.jellicent |
| pokemon.jigglypuff | pokemon.jirachi |
| pokemon.jolteon | pokemon.joltik |
| pokemon.jumpluff | pokemon.jynx |
| pokemon.kabuto | pokemon.kabutops |
| pokemon.kadabra | pokemon.kakuna |
| pokemon.kangaskhan-mega | pokemon.kangaskhan |
| pokemon.karrablast | pokemon.kartana |
| pokemon.kecleon | pokemon.keldeo |
| pokemon.keldeo-resolute | pokemon.kilowattrel |
| pokemon.kingambit | pokemon.kingdra |
| pokemon.kingler-gmax | pokemon.kingler |
| pokemon.kirlia | pokemon.klang |
| pokemon.klawf | pokemon.kleavor-noble |
| pokemon.kleavor | pokemon.klefki |
| pokemon.klinklang | pokemon.klink |
| pokemon.koffing | pokemon.komala |
| pokemon.kommo-o | pokemon.koraidon-mount |
| pokemon.koraidon | pokemon.krabby |
| pokemon.kricketot | pokemon.kricketune |
| pokemon.krokorok | pokemon.krookodile |
| pokemon.kubfu | pokemon.kyogre |
| pokemon.kyogre-primal | pokemon.kyurem-black |
| pokemon.kyurem | pokemon.kyurem-white |
| pokemon.lairon | pokemon.lampent |
| pokemon.landorus | pokemon.landorus-therian |
| pokemon.lanturn | pokemon.lapras-gmax |
| pokemon.lapras | pokemon.larvesta |
| pokemon.larvitar | pokemon.latias-mega |
| pokemon.latias | pokemon.latios-mega |
| pokemon.latios | pokemon.leafeon |
| pokemon.leavanny | pokemon.lechonk |
| pokemon.ledian | pokemon.ledyba |
| pokemon.lickilicky | pokemon.lickitung |
| pokemon.liepard | pokemon.lileep |
| pokemon.lilligant-hisui-noble | pokemon.lilligant-hisui |
| pokemon.lilligant | pokemon.lillipup |
| pokemon.linoone-galar | pokemon.linoone |
| pokemon.litleo | pokemon.litten |
| pokemon.litwick | pokemon.lokix |
| pokemon.lombre | pokemon.lopunny-mega |
| pokemon.lopunny | pokemon.lotad |
| pokemon.loudred | pokemon.lucario-mega |
| pokemon.lucario | pokemon.ludicolo |
| pokemon.lugia | pokemon.lugia-shadow |
| pokemon.lumineon | pokemon.lunala |
| pokemon.lunatone | pokemon.lurantis |
| pokemon.luvdisc | pokemon.luxio |
| pokemon.luxray | pokemon.lycanroc-dusk |
| pokemon.lycanroc-midnight | pokemon.lycanroc |
| pokemon.mabosstiff | pokemon.machamp-gmax |
| pokemon.machamp | pokemon.machoke |
| pokemon.machop | pokemon.magby |
| pokemon.magcargo | pokemon.magearna-original |
| pokemon.magearna | pokemon.magikarp |
| pokemon.magmar | pokemon.magmortar |
| pokemon.magnemite | pokemon.magneton |
| pokemon.magnezone | pokemon.makuhita |
| pokemon.malamar | pokemon.mamoswine |
| pokemon.manaphy | pokemon.mandibuzz |
| pokemon.manectric-mega | pokemon.manectric |
| pokemon.mankey | pokemon.mantine |
| pokemon.mantyke | pokemon.maractus |
| pokemon.mareanie | pokemon.mareep |
| pokemon.marill | pokemon.marowak-alola |
| pokemon.marowak | pokemon.marshadow-gen7 |
| pokemon.marshadow | pokemon.marshtomp |
| pokemon.maschiff | pokemon.masquerain |
| pokemon.maushold-family-of-four | pokemon.maushold |
| pokemon.mawile-mega | pokemon.mawile |
| pokemon.medicham-mega | pokemon.medicham |
| pokemon.meditite | pokemon.meganium |
| pokemon.mega | pokemon.melmetal-gmax |
| pokemon.melmetal | pokemon.meloetta-pirouette |
| pokemon.meloetta | pokemon.meltan |
| pokemon.meowscarada | pokemon.meowstic |
| pokemon.meowth-alola | pokemon.meowth-galar |
| pokemon.meowth-gmax | pokemon.meowth |
| pokemon.mesprit | pokemon.metagross-mega |
| pokemon.metagross | pokemon.metang |
| pokemon.metapod | pokemon.mew |
| pokemon.mewtwo-mega-x | pokemon.mewtwo-mega-y |
| pokemon.mewtwo | pokemon.mienfoo |
| pokemon.mienshao | pokemon.mightyena |
| pokemon.milcery | pokemon.milotic |
| pokemon.miltank | pokemon.mime-jr |
| pokemon.mimikyu | pokemon.minccino |
| pokemon.minior-blue-gen7 | pokemon.minior-blue |
| pokemon.minior-green-gen7 | pokemon.minior-green |
| pokemon.minior-indigo-gen7 | pokemon.minior-indigo |
| pokemon.minior-orange-gen7 | pokemon.minior-orange |
| pokemon.minior | pokemon.minior-red-gen7 |
| pokemon.minior-red | pokemon.minior-violet-gen7 |
| pokemon.minior-violet | pokemon.minior-yellow-gen7 |
| pokemon.minior-yellow | pokemon.minun |
| pokemon.miraidon-mount | pokemon.miraidon |
| pokemon.misdreavus | pokemon.mismagius |
| pokemon.moltres-galar | pokemon.moltres |
| pokemon.monferno | pokemon.morelull |
| pokemon.morgrem | pokemon.morpeko-hangry |
| pokemon.morpeko | pokemon.mothim |
| pokemon.mr-mime-galar | pokemon.mr-mime |
| pokemon.mr-rime | pokemon.mudbray |
| pokemon.mudkip | pokemon.mudsdale |
| pokemon.muk-alola | pokemon.muk |
| pokemon.munchlax | pokemon.munkidori |
| pokemon.munna | pokemon.murkrow |
| pokemon.musharna | pokemon.nacli |
| pokemon.naclstack | pokemon.naganadel |
| pokemon.natu | pokemon.necrozma-dawn |
| pokemon.necrozma-dusk | pokemon.necrozma |
| pokemon.necrozma-ultra | pokemon.nickit |
| pokemon.nidoking | pokemon.nidoqueen |
| pokemon.nidoran-f | pokemon.nidoran-m |
| pokemon.nidorina | pokemon.nidorino |
| pokemon.nihilego | pokemon.nincada |
| pokemon.ninetales-alola | pokemon.ninetales |
| pokemon.ninjask | pokemon.noctowl |
| pokemon.noibat | pokemon.noivern |
| pokemon.nosepass | pokemon.numel |
| pokemon.nuzleaf | pokemon.nymble |
| pokemon.obstagoon | pokemon.octillery |
| pokemon.oddish | pokemon.ogerpon-cornerstone-mask |
| pokemon.ogerpon-hearthflame-mask | pokemon.ogerpon-teal-mask |
| pokemon.ogerpon-wellspring-mask | pokemon.oinkologne-f |
| pokemon.oinkologne | pokemon.okidogi |
| pokemon.omanyte | pokemon.omastar |
| pokemon.onix | pokemon.oranguru |
| pokemon.orbeetle-gmax | pokemon.orbeetle |
| pokemon.oricorio-pau | pokemon.oricorio |
| pokemon.oricorio-pom-pom | pokemon.oricorio-sensu |
| pokemon.orthworm | pokemon.oshawott |
| pokemon.overqwil | pokemon.pachirisu |
| pokemon.palafin-hero | pokemon.palafin |
| pokemon.palkia-origin | pokemon.palkia |
| pokemon.palossand | pokemon.palpitoad |
| pokemon.pancham | pokemon.pangoro |
| pokemon.panpour | pokemon.pansage |
| pokemon.pansear | pokemon.parasect |
| pokemon.paras | pokemon.passimian |
| pokemon.patrat | pokemon.pawmi |
| pokemon.pawmo | pokemon.pawmot |
| pokemon.pawniard | pokemon.pelipper |
| pokemon.perrserker | pokemon.persian-alola |
| pokemon.persian | pokemon.petilil |
| pokemon.phanpy | pokemon.phantump |
| pokemon.pheromosa | pokemon.phione |
| pokemon.pichu | pokemon.pichu-spiky-eared |
| pokemon.pidgeot-mega | pokemon.pidgeot |
| pokemon.pidgeotto | pokemon.pidgey |
| pokemon.pidove | pokemon.pignite |
| pokemon.pikachu-alola-cap | pokemon.pikachu-belle |
| pokemon.pikachu-cosplay | pokemon.pikachu-gmax |
| pokemon.pikachu-hoenn-cap | pokemon.pikachu-kalos-cap |
| pokemon.pikachu-libre | pokemon.pikachu-original-cap |
| pokemon.pikachu-partner-cap | pokemon.pikachu-phd |
| pokemon.pikachu | pokemon.pikachu-pop-star |
| pokemon.pikachu-rock-star | pokemon.pikachu-sinnoh-cap |
| pokemon.pikachu-starter | pokemon.pikachu-unova-cap |
| pokemon.pikachu-world-cap | pokemon.pikipek |
| pokemon.piloswine | pokemon.pincurchin |
| pokemon.pineco | pokemon.pinsir-mega |
| pokemon.pinsir | pokemon.piplup |
| pokemon.plusle | pokemon.poipole |
| pokemon.politoed | pokemon.poliwag |
| pokemon.poliwhirl | pokemon.poliwrath |
| pokemon.poltchageist | pokemon.polteageist |
| pokemon.ponyta-galar | pokemon.ponyta |
| pokemon.poochyena | pokemon.popplio |
| pokemon.porygon2 | pokemon.porygon |
| pokemon.porygon-z | pokemon.primarina |
| pokemon.primeape | pokemon.prinplup |
| pokemon.probopass | pokemon.psyduck |
| pokemon.pumpkaboo-large | pokemon.pumpkaboo |
| pokemon.pumpkaboo-small | pokemon.pumpkaboo-super |
| pokemon.pupitar | pokemon.purrloin |
| pokemon.purugly | pokemon.pyroar |
| pokemon.pyukumuku | pokemon.quagsire |
| pokemon.quaquaval | pokemon.quaxly |
| pokemon.quaxwell | pokemon.quilava |
| pokemon.quilladin | pokemon.qwilfish-hisui |
| pokemon.qwilfish | pokemon.raboot |
| pokemon.rabsca | pokemon.raging-bolt |
| pokemon.raichu-alola | pokemon.raichu |
| pokemon.raikou | pokemon.ralts |
| pokemon.rampardos | pokemon.rapidash-galar |
| pokemon.rapidash | pokemon.raticate-alola |
| pokemon.raticate | pokemon.rattata-alola |
| pokemon.rattata | pokemon.rayquaza-mega |
| pokemon.rayquaza | pokemon.regice |
| pokemon.regidrago | pokemon.regieleki |
| pokemon.regigigas | pokemon.regirock |
| pokemon.registeel | pokemon.relicanth |
| pokemon.rellor | pokemon.remoraid |
| pokemon.reshiram | pokemon.reuniclus |
| pokemon.revavroom | pokemon.rhydon |
| pokemon.rhyhorn | pokemon.rhyperior |
| pokemon.ribombee | pokemon.rillaboom-gmax |
| pokemon.rillaboom | pokemon.riolu |
| pokemon.roaring-moon | pokemon.rockruff |
| pokemon.roggenrola | pokemon.rolycoly |
| pokemon.rookidee | pokemon.roselia |
| pokemon.roserade | pokemon.rotom-fan |
| pokemon.rotom-frost | pokemon.rotom-heat |
| pokemon.rotom-mow | pokemon.rotom |
| pokemon.rotom-wash | pokemon.rowlet |
| pokemon.rufflet | pokemon.runerigus |
| pokemon.sableye-mega | pokemon.sableye |
| pokemon.salamence-mega | pokemon.salamence |
| pokemon.salandit | pokemon.salazzle |
| pokemon.samurott-hisui | pokemon.samurott |
| pokemon.sandaconda-gmax | pokemon.sandaconda |
| pokemon.sandile | pokemon.sandshrew-alola |
| pokemon.sandshrew | pokemon.sandslash-alola |
| pokemon.sandslash | pokemon.sandygast |
| pokemon.sandy-shocks | pokemon.sawk |
| pokemon.sawsbuck-autumn | pokemon.sawsbuck |
| pokemon.sawsbuck-summer | pokemon.sawsbuck-winter |
| pokemon.scatterbug | pokemon.sceptile-mega |
| pokemon.sceptile | pokemon.scizor-mega |
| pokemon.scizor | pokemon.scolipede |
| pokemon.scorbunny | pokemon.scovillain |
| pokemon.scrafty | pokemon.scraggy |
| pokemon.scream-tail | pokemon.scyther |
| pokemon.seadra | pokemon.seaking |
| pokemon.sealeo | pokemon.seedot |
| pokemon.seel | pokemon.seismitoad |
| pokemon.sentret | pokemon.serperior |
| pokemon.servine | pokemon.seviper |
| pokemon.sewaddle | pokemon.sharpedo-mega |
| pokemon.sharpedo | pokemon.shaymin |
| pokemon.shaymin-sky | pokemon.shedinja |
| pokemon.shelgon | pokemon.shellder |
| pokemon.shellos-east | pokemon.shellos |
| pokemon.shelmet | pokemon.shieldon |
| pokemon.shiftry | pokemon.shiinotic |
| pokemon.shinx | pokemon.shiny.abomasnow-mega |
| pokemon.shiny.abomasnow | pokemon.shiny.abra |
| pokemon.shiny.absol-mega | pokemon.shiny.absol |
| pokemon.shiny.accelgor | pokemon.shiny.aegislash-blade |
| pokemon.shiny.aegislash | pokemon.shiny.aerodactyl-mega |
| pokemon.shiny.aerodactyl | pokemon.shiny.aggron-mega |
| pokemon.shiny.aggron | pokemon.shiny.aipom |
| pokemon.shiny.alakazam-mega | pokemon.shiny.alakazam |
| pokemon.shiny.alcremie-caramel-swirl-berry | pokemon.shiny.alcremie-caramel-swirl-clover |
| pokemon.shiny.alcremie-caramel-swirl-flower | pokemon.shiny.alcremie-caramel-swirl-love |
| pokemon.shiny.alcremie-caramel-swirl-plain | pokemon.shiny.alcremie-caramel-swirl-ribbon |
| pokemon.shiny.alcremie-caramel-swirl-star | pokemon.shiny.alcremie-caramel-swirl-strawberry |
| pokemon.shiny.alcremie-gmax | pokemon.shiny.alcremie-lemon-cream-berry |
| pokemon.shiny.alcremie-lemon-cream-clover | pokemon.shiny.alcremie-lemon-cream-flower |
| pokemon.shiny.alcremie-lemon-cream-love | pokemon.shiny.alcremie-lemon-cream-plain |
| pokemon.shiny.alcremie-lemon-cream-ribbon | pokemon.shiny.alcremie-lemon-cream-star |
| pokemon.shiny.alcremie-lemon-cream-strawberry | pokemon.shiny.alcremie-matcha-cream-berry |
| pokemon.shiny.alcremie-matcha-cream-clover | pokemon.shiny.alcremie-matcha-cream-flower |
| pokemon.shiny.alcremie-matcha-cream-love | pokemon.shiny.alcremie-matcha-cream-plain |
| pokemon.shiny.alcremie-matcha-cream-ribbon | pokemon.shiny.alcremie-matcha-cream-star |
| pokemon.shiny.alcremie-matcha-cream-strawberry | pokemon.shiny.alcremie-mint-cream-berry |
| pokemon.shiny.alcremie-mint-cream-clover | pokemon.shiny.alcremie-mint-cream-flower |
| pokemon.shiny.alcremie-mint-cream-love | pokemon.shiny.alcremie-mint-cream-plain |
| pokemon.shiny.alcremie-mint-cream-ribbon | pokemon.shiny.alcremie-mint-cream-star |
| pokemon.shiny.alcremie-mint-cream-strawberry | pokemon.shiny.alcremie |
| pokemon.shiny.alcremie-rainbow-swirl-berry | pokemon.shiny.alcremie-rainbow-swirl-clover |
| pokemon.shiny.alcremie-rainbow-swirl-flower | pokemon.shiny.alcremie-rainbow-swirl-love |
| pokemon.shiny.alcremie-rainbow-swirl-plain | pokemon.shiny.alcremie-rainbow-swirl-ribbon |
| pokemon.shiny.alcremie-rainbow-swirl-star | pokemon.shiny.alcremie-rainbow-swirl-strawberry |
| pokemon.shiny.alcremie-ruby-cream-berry | pokemon.shiny.alcremie-ruby-cream-clover |
| pokemon.shiny.alcremie-ruby-cream-flower | pokemon.shiny.alcremie-ruby-cream-love |
| pokemon.shiny.alcremie-ruby-cream-plain | pokemon.shiny.alcremie-ruby-cream-ribbon |
| pokemon.shiny.alcremie-ruby-cream-star | pokemon.shiny.alcremie-ruby-cream-strawberry |
| pokemon.shiny.alcremie-ruby-swirl-berry | pokemon.shiny.alcremie-ruby-swirl-clover |
| pokemon.shiny.alcremie-ruby-swirl-flower | pokemon.shiny.alcremie-ruby-swirl-love |
| pokemon.shiny.alcremie-ruby-swirl-plain | pokemon.shiny.alcremie-ruby-swirl-ribbon |
| pokemon.shiny.alcremie-ruby-swirl-star | pokemon.shiny.alcremie-ruby-swirl-strawberry |
| pokemon.shiny.alcremie-salted-cream-berry | pokemon.shiny.alcremie-salted-cream-clover |
| pokemon.shiny.alcremie-salted-cream-flower | pokemon.shiny.alcremie-salted-cream-love |
| pokemon.shiny.alcremie-salted-cream-plain | pokemon.shiny.alcremie-salted-cream-ribbon |
| pokemon.shiny.alcremie-salted-cream-star | pokemon.shiny.alcremie-salted-cream-strawberry |
| pokemon.shiny.alcremie-vanilla-cream-berry | pokemon.shiny.alcremie-vanilla-cream-clover |
| pokemon.shiny.alcremie-vanilla-cream-flower | pokemon.shiny.alcremie-vanilla-cream-love |
| pokemon.shiny.alcremie-vanilla-cream-plain | pokemon.shiny.alcremie-vanilla-cream-ribbon |
| pokemon.shiny.alcremie-vanilla-cream-star | pokemon.shiny.alcremie-vanilla-cream-strawberry |
| pokemon.shiny.alomomola | pokemon.shiny.altaria-mega |
| pokemon.shiny.altaria | pokemon.shiny.amaura |
| pokemon.shiny.ambipom | pokemon.shiny.amoonguss |
| pokemon.shiny.ampharos-mega | pokemon.shiny.ampharos |
| pokemon.shiny.annihilape | pokemon.shiny.anorith |
| pokemon.shiny.appletun-gmax | pokemon.shiny.appletun |
| pokemon.shiny.applin | pokemon.shiny.araquanid |
| pokemon.shiny.arbok | pokemon.shiny.arboliva |
| pokemon.shiny.arcanine-hisui-noble | pokemon.shiny.arcanine-hisui |
| pokemon.shiny.arcanine | pokemon.shiny.arceus-bug |
| pokemon.shiny.arceus-dark | pokemon.shiny.arceus-dragon |
| pokemon.shiny.arceus-electric | pokemon.shiny.arceus-fairy |
| pokemon.shiny.arceus-fighting | pokemon.shiny.arceus-fire |
| pokemon.shiny.arceus-flying | pokemon.shiny.arceus-ghost |
| pokemon.shiny.arceus-grass | pokemon.shiny.arceus-ground |
| pokemon.shiny.arceus-ice | pokemon.shiny.arceus |
| pokemon.shiny.arceus-poison | pokemon.shiny.arceus-psychic |
| pokemon.shiny.arceus-rock | pokemon.shiny.arceus-steel |
| pokemon.shiny.arceus-unknown | pokemon.shiny.arceus-water |
| pokemon.shiny.archen | pokemon.shiny.archeops |
| pokemon.shiny.arctibax | pokemon.shiny.arctovish |
| pokemon.shiny.arctozolt | pokemon.shiny.ariados |
| pokemon.shiny.armaldo | pokemon.shiny.armarouge |
| pokemon.shiny.aromatisse | pokemon.shiny.aron |
| pokemon.shiny.arrokuda | pokemon.shiny.articuno-galar |
| pokemon.shiny.articuno | pokemon.shiny.audino-mega |
| pokemon.shiny.audino | pokemon.shiny.aurorus |
| pokemon.shiny.avalugg-hisui-noble | pokemon.shiny.avalugg-hisui |
| pokemon.shiny.avalugg | pokemon.shiny.axew |
| pokemon.shiny.azelf | pokemon.shiny.azumarill |
| pokemon.shiny.azurill | pokemon.shiny.bagon |
| pokemon.shiny.baltoy | pokemon.shiny.banette-mega |
| pokemon.shiny.banette | pokemon.shiny.barbaracle |
| pokemon.shiny.barboach | pokemon.shiny.barraskewda |
| pokemon.shiny.basculegion | pokemon.shiny.basculin-blue-striped |
| pokemon.shiny.basculin | pokemon.shiny.basculin-white-striped |
| pokemon.shiny.bastiodon | pokemon.shiny.baxcalibur |
| pokemon.shiny.bayleef | pokemon.shiny.beartic |
| pokemon.shiny.beautifly | pokemon.shiny.beedrill-mega |
| pokemon.shiny.beedrill | pokemon.shiny.beheeyem |
| pokemon.shiny.beldum | pokemon.shiny.bellibolt |
| pokemon.shiny.bellossom | pokemon.shiny.bellsprout |
| pokemon.shiny.bergmite | pokemon.shiny.bewear |
| pokemon.shiny.bibarel | pokemon.shiny.bidoof |
| pokemon.shiny.binacle | pokemon.shiny.bisharp |
| pokemon.shiny.blacephalon | pokemon.shiny.blastoise-gmax |
| pokemon.shiny.blastoise-mega | pokemon.shiny.blastoise |
| pokemon.shiny.blaziken-mega | pokemon.shiny.blaziken |
| pokemon.shiny.blipbug | pokemon.shiny.blissey |
| pokemon.shiny.blitzle | pokemon.shiny.boldore |
| pokemon.shiny.boltund | pokemon.shiny.bombirdier |
| pokemon.shiny.bonsly | pokemon.shiny.bouffalant |
| pokemon.shiny.bounsweet | pokemon.shiny.braixen |
| pokemon.shiny.brambleghast | pokemon.shiny.bramblin |
| pokemon.shiny.braviary-hisui | pokemon.shiny.braviary |
| pokemon.shiny.breloom | pokemon.shiny.brionne |
| pokemon.shiny.bronzong | pokemon.shiny.bronzor |
| pokemon.shiny.brute-bonnet | pokemon.shiny.bruxish |
| pokemon.shiny.budew | pokemon.shiny.buizel |
| pokemon.shiny.bulbasaur | pokemon.shiny.buneary |
| pokemon.shiny.bunnelby | pokemon.shiny.burmy |
| pokemon.shiny.burmy-sandy | pokemon.shiny.burmy-trash |
| pokemon.shiny.butterfree-gmax | pokemon.shiny.butterfree |
| pokemon.shiny.buzzwole | pokemon.shiny.cacnea |
| pokemon.shiny.cacturne | pokemon.shiny.calyrex-ice-rider |
| pokemon.shiny.calyrex | pokemon.shiny.calyrex-shadow-rider |
| pokemon.shiny.camerupt-mega | pokemon.shiny.camerupt |
| pokemon.shiny.capsakid | pokemon.shiny.carbink |
| pokemon.shiny.carkol | pokemon.shiny.carnivine |
| pokemon.shiny.carracosta | pokemon.shiny.carvanha |
| pokemon.shiny.cascoon | pokemon.shiny.castform |
| pokemon.shiny.castform-rainy | pokemon.shiny.castform-snowy |
| pokemon.shiny.castform-sunny | pokemon.shiny.caterpie |
| pokemon.shiny.celebi | pokemon.shiny.celesteela |
| pokemon.shiny.centiskorch-gmax | pokemon.shiny.centiskorch |
| pokemon.shiny.ceruledge | pokemon.shiny.cetitan |
| pokemon.shiny.cetoddle | pokemon.shiny.chandelure |
| pokemon.shiny.chansey | pokemon.shiny.charcadet |
| pokemon.shiny.charizard-gmax | pokemon.shiny.charizard-mega-x |
| pokemon.shiny.charizard-mega-y | pokemon.shiny.charizard |
| pokemon.shiny.charjabug | pokemon.shiny.charmander |
| pokemon.shiny.charmeleon | pokemon.shiny.chatot |
| pokemon.shiny.cherrim | pokemon.shiny.cherrim-sunshine |
| pokemon.shiny.cherubi | pokemon.shiny.chesnaught |
| pokemon.shiny.chespin | pokemon.shiny.chewtle |
| pokemon.shiny.chien-pao | pokemon.shiny.chikorita |
| pokemon.shiny.chimchar | pokemon.shiny.chimecho |
| pokemon.shiny.chinchou | pokemon.shiny.chingling |
| pokemon.shiny.chi-yu | pokemon.shiny.cinccino |
| pokemon.shiny.cinderace-gmax | pokemon.shiny.cinderace |
| pokemon.shiny.clamperl | pokemon.shiny.clauncher |
| pokemon.shiny.clawitzer | pokemon.shiny.claydol |
| pokemon.shiny.clefable | pokemon.shiny.clefairy |
| pokemon.shiny.cleffa | pokemon.shiny.clobbopus |
| pokemon.shiny.clodsire | pokemon.shiny.cloyster |
| pokemon.shiny.coalossal-gmax | pokemon.shiny.coalossal |
| pokemon.shiny.cobalion | pokemon.shiny.cofagrigus |
| pokemon.shiny.combee | pokemon.shiny.combusken |
| pokemon.shiny.comfey | pokemon.shiny.conkeldurr |
| pokemon.shiny.copperajah-gmax | pokemon.shiny.copperajah |
| pokemon.shiny.corphish | pokemon.shiny.corsola-galar |
| pokemon.shiny.corsola | pokemon.shiny.corviknight-gmax |
| pokemon.shiny.corviknight | pokemon.shiny.corvisquire |
| pokemon.shiny.cosmoem | pokemon.shiny.cosmog |
| pokemon.shiny.cottonee | pokemon.shiny.crabominable |
| pokemon.shiny.crabrawler | pokemon.shiny.cradily |
| pokemon.shiny.cramorant-gorging | pokemon.shiny.cramorant-gulping |
| pokemon.shiny.cramorant | pokemon.shiny.cranidos |
| pokemon.shiny.crawdaunt | pokemon.shiny.cresselia |
| pokemon.shiny.croagunk | pokemon.shiny.crobat |
| pokemon.shiny.crocalor | pokemon.shiny.croconaw |
| pokemon.shiny.crustle | pokemon.shiny.cryogonal |
| pokemon.shiny.cubchoo | pokemon.shiny.cubone |
| pokemon.shiny.cufant | pokemon.shiny.cursola |
| pokemon.shiny.cutiefly | pokemon.shiny.cyclizar-mount |
| pokemon.shiny.cyclizar | pokemon.shiny.cyndaquil |
| pokemon.shiny.dachsbun | pokemon.shiny.darkrai |
| pokemon.shiny.darmanitan-galar | pokemon.shiny.darmanitan-galar-zen |
| pokemon.shiny.darmanitan | pokemon.shiny.darmanitan-zen |
| pokemon.shiny.dartrix | pokemon.shiny.darumaka-galar |
| pokemon.shiny.darumaka | pokemon.shiny.decidueye-hisui |
| pokemon.shiny.decidueye | pokemon.shiny.dedenne |
| pokemon.shiny.deerling-autumn | pokemon.shiny.deerling |
| pokemon.shiny.deerling-summer | pokemon.shiny.deerling-winter |
| pokemon.shiny.deino | pokemon.shiny.delcatty |
| pokemon.shiny.delibird | pokemon.shiny.delphox |
| pokemon.shiny.deoxys-attack | pokemon.shiny.deoxys-defense |
| pokemon.shiny.deoxys | pokemon.shiny.deoxys-speed |
| pokemon.shiny.dewgong | pokemon.shiny.dewott |
| pokemon.shiny.dewpider | pokemon.shiny.dhelmise |
| pokemon.shiny.dialga-origin | pokemon.shiny.dialga |
| pokemon.shiny.diancie-mega | pokemon.shiny.diancie |
| pokemon.shiny.diggersby | pokemon.shiny.diglett-alola |
| pokemon.shiny.diglett | pokemon.shiny.ditto |
| pokemon.shiny.dodrio | pokemon.shiny.doduo |
| pokemon.shiny.dolliv | pokemon.shiny.dondozo |
| pokemon.shiny.donphan | pokemon.shiny.dottler |
| pokemon.shiny.doublade | pokemon.shiny.dracovish |
| pokemon.shiny.dracozolt | pokemon.shiny.dragalge |
| pokemon.shiny.dragapult | pokemon.shiny.dragonair |
| pokemon.shiny.dragonite | pokemon.shiny.drakloak |
| pokemon.shiny.drampa | pokemon.shiny.drapion |
| pokemon.shiny.dratini | pokemon.shiny.drednaw-gmax |
| pokemon.shiny.drednaw | pokemon.shiny.dreepy |
| pokemon.shiny.drifblim | pokemon.shiny.drifloon |
| pokemon.shiny.drilbur | pokemon.shiny.drizzile |
| pokemon.shiny.drowzee | pokemon.shiny.druddigon |
| pokemon.shiny.dubwool | pokemon.shiny.ducklett |
| pokemon.shiny.dudunsparce | pokemon.shiny.dudunsparce-three-segment |
| pokemon.shiny.dugtrio-alola | pokemon.shiny.dugtrio |
| pokemon.shiny.dunsparce | pokemon.shiny.duosion |
| pokemon.shiny.duraludon-gmax | pokemon.shiny.duraludon |
| pokemon.shiny.durant | pokemon.shiny.dusclops |
| pokemon.shiny.dusknoir | pokemon.shiny.duskull |
| pokemon.shiny.dustox | pokemon.shiny.dwebble |
| pokemon.shiny.eelektrik | pokemon.shiny.eelektross |
| pokemon.shiny.eevee-gmax | pokemon.shiny.eevee |
| pokemon.shiny.eevee-starter | pokemon.shiny.eiscue-noice |
| pokemon.shiny.eiscue | pokemon.shiny.ekans |
| pokemon.shiny.eldegoss | pokemon.shiny.electabuzz |
| pokemon.shiny.electivire | pokemon.shiny.electrike |
| pokemon.shiny.electrode-hisui-noble | pokemon.shiny.electrode-hisui |
| pokemon.shiny.electrode | pokemon.shiny.elekid |
| pokemon.shiny.elgyem | pokemon.shiny.emboar |
| pokemon.shiny.emolga | pokemon.shiny.empoleon |
| pokemon.shiny.enamorus | pokemon.shiny.enamorus-therian |
| pokemon.shiny.entei | pokemon.shiny.escavalier |
| pokemon.shiny.espathra | pokemon.shiny.espeon |
| pokemon.shiny.espurr | pokemon.shiny.eternatus-eternamax |
| pokemon.shiny.eternatus | pokemon.shiny.excadrill |
| pokemon.shiny.exeggcute | pokemon.shiny.exeggutor-alola |
| pokemon.shiny.exeggutor | pokemon.shiny.exploud |
| pokemon.shiny.falinks | pokemon.shiny.farfetchd-galar |
| pokemon.shiny.farfetchd | pokemon.shiny.farigiraf |
| pokemon.shiny.fearow | pokemon.shiny.feebas |
| pokemon.shiny.female.basculegion | pokemon.shiny.female.frillish |
| pokemon.shiny.female.hippopotas | pokemon.shiny.female.hippowdon |
| pokemon.shiny.female.indeedee | pokemon.shiny.female.jellicent |
| pokemon.shiny.female.meowstic | pokemon.shiny.female.pikachu-alola-cap |
| pokemon.shiny.female.pikachu-hoenn-cap | pokemon.shiny.female.pikachu-kalos-cap |
| pokemon.shiny.female.pikachu-original-cap | pokemon.shiny.female.pikachu-partner-cap |
| pokemon.shiny.female.pikachu | pokemon.shiny.female.pikachu-sinnoh-cap |
| pokemon.shiny.female.pikachu-starter | pokemon.shiny.female.pikachu-unova-cap |
| pokemon.shiny.female.pikachu-world-cap | pokemon.shiny.female.pyroar |
| pokemon.shiny.female.unfezant | pokemon.shiny.female.wobbuffet |
| pokemon.shiny.fennekin | pokemon.shiny.feraligatr |
| pokemon.shiny.ferroseed | pokemon.shiny.ferrothorn |
| pokemon.shiny.fidough | pokemon.shiny.finizen |
| pokemon.shiny.finneon | pokemon.shiny.flaaffy |
| pokemon.shiny.flabebe-blue | pokemon.shiny.flabebe-orange |
| pokemon.shiny.flabebe | pokemon.shiny.flabebe-white |
| pokemon.shiny.flabebe-yellow | pokemon.shiny.flamigo |
| pokemon.shiny.flapple-gmax | pokemon.shiny.flapple |
| pokemon.shiny.flareon | pokemon.shiny.fletchinder |
| pokemon.shiny.fletchling | pokemon.shiny.flittle |
| pokemon.shiny.floatzel | pokemon.shiny.floette-blue |
| pokemon.shiny.floette-eternal | pokemon.shiny.floette-orange |
| pokemon.shiny.floette | pokemon.shiny.floette-white |
| pokemon.shiny.floette-yellow | pokemon.shiny.floragato |
| pokemon.shiny.florges-blue | pokemon.shiny.florges-orange |
| pokemon.shiny.florges | pokemon.shiny.florges-white |
| pokemon.shiny.florges-yellow | pokemon.shiny.flutter-mane |
| pokemon.shiny.flygon | pokemon.shiny.fomantis |
| pokemon.shiny.foongus | pokemon.shiny.forretress |
| pokemon.shiny.fraxure | pokemon.shiny.frigibax |
| pokemon.shiny.frillish | pokemon.shiny.froakie |
| pokemon.shiny.frogadier | pokemon.shiny.froslass |
| pokemon.shiny.frosmoth | pokemon.shiny.fuecoco |
| pokemon.shiny.furfrou-dandy | pokemon.shiny.furfrou-debutante |
| pokemon.shiny.furfrou-diamond | pokemon.shiny.furfrou-heart |
| pokemon.shiny.furfrou-kabuki | pokemon.shiny.furfrou-la-reine |
| pokemon.shiny.furfrou-matron | pokemon.shiny.furfrou-pharaoh |
| pokemon.shiny.furfrou | pokemon.shiny.furfrou-star |
| pokemon.shiny.furret | pokemon.shiny.gabite |
| pokemon.shiny.gallade-mega | pokemon.shiny.gallade |
| pokemon.shiny.galvantula | pokemon.shiny.garbodor-gmax |
| pokemon.shiny.garbodor | pokemon.shiny.garchomp-mega |
| pokemon.shiny.garchomp | pokemon.shiny.gardevoir-mega |
| pokemon.shiny.gardevoir | pokemon.shiny.garganacl |
| pokemon.shiny.gastly | pokemon.shiny.gastrodon-east |
| pokemon.shiny.gastrodon | pokemon.shiny.genesect-burn |
| pokemon.shiny.genesect-chill | pokemon.shiny.genesect-douse |
| pokemon.shiny.genesect-no-drive | pokemon.shiny.genesect |
| pokemon.shiny.genesect-shock | pokemon.shiny.gengar-gmax |
| pokemon.shiny.gengar-mega | pokemon.shiny.gengar |
| pokemon.shiny.geodude-alola | pokemon.shiny.geodude |
| pokemon.shiny.gholdengo | pokemon.shiny.gible |
| pokemon.shiny.gigalith | pokemon.shiny.gimmighoul |
| pokemon.shiny.gimmighoul-roaming | pokemon.shiny.girafarig |
| pokemon.shiny.giratina-origin | pokemon.shiny.giratina |
| pokemon.shiny.glaceon | pokemon.shiny.glalie-mega |
| pokemon.shiny.glalie | pokemon.shiny.glameow |
| pokemon.shiny.glastrier | pokemon.shiny.gligar |
| pokemon.shiny.glimmet | pokemon.shiny.glimmora |
| pokemon.shiny.gliscor | pokemon.shiny.gloom |
| pokemon.shiny.gogoat | pokemon.shiny.golbat |
| pokemon.shiny.goldeen | pokemon.shiny.golduck |
| pokemon.shiny.golem-alola | pokemon.shiny.golem |
| pokemon.shiny.golett | pokemon.shiny.golisopod |
| pokemon.shiny.golurk | pokemon.shiny.goodra-hisui |
| pokemon.shiny.goodra | pokemon.shiny.goomy |
| pokemon.shiny.gorebyss | pokemon.shiny.gossifleur |
| pokemon.shiny.gothita | pokemon.shiny.gothitelle |
| pokemon.shiny.gothorita | pokemon.shiny.gourgeist-large |
| pokemon.shiny.gourgeist | pokemon.shiny.gourgeist-small |
| pokemon.shiny.gourgeist-super | pokemon.shiny.grafaiai |
| pokemon.shiny.granbull | pokemon.shiny.grapploct |
| pokemon.shiny.graveler-alola | pokemon.shiny.graveler |
| pokemon.shiny.great-tusk | pokemon.shiny.greavard |
| pokemon.shiny.greedent | pokemon.shiny.greninja-ash |
| pokemon.shiny.greninja | pokemon.shiny.grimer-alola |
| pokemon.shiny.grimer | pokemon.shiny.grimmsnarl-gmax |
| pokemon.shiny.grimmsnarl | pokemon.shiny.grookey |
| pokemon.shiny.grotle | pokemon.shiny.groudon |
| pokemon.shiny.groudon-primal | pokemon.shiny.grovyle |
| pokemon.shiny.growlithe-hisui | pokemon.shiny.growlithe |
| pokemon.shiny.grubbin | pokemon.shiny.grumpig |
| pokemon.shiny.gulpin | pokemon.shiny.gumshoos |
| pokemon.shiny.gurdurr | pokemon.shiny.guzzlord |
| pokemon.shiny.gyarados-mega | pokemon.shiny.gyarados |
| pokemon.shiny.hakamo-o | pokemon.shiny.happiny |
| pokemon.shiny.hariyama | pokemon.shiny.hatenna |
| pokemon.shiny.hatterene-gmax | pokemon.shiny.hatterene |
| pokemon.shiny.hattrem | pokemon.shiny.haunter |
| pokemon.shiny.hawlucha | pokemon.shiny.haxorus |
| pokemon.shiny.heatmor | pokemon.shiny.heatran |
| pokemon.shiny.heliolisk | pokemon.shiny.helioptile |
| pokemon.shiny.heracross-mega | pokemon.shiny.heracross |
| pokemon.shiny.herdier | pokemon.shiny.hippopotas |
| pokemon.shiny.hippowdon | pokemon.shiny.hitmonchan |
| pokemon.shiny.hitmonlee | pokemon.shiny.hitmontop |
| pokemon.shiny.honchkrow | pokemon.shiny.honedge |
| pokemon.shiny.ho-oh | pokemon.shiny.hoopa |
| pokemon.shiny.hoopa-unbound | pokemon.shiny.hoothoot |
| pokemon.shiny.hoppip | pokemon.shiny.horsea |
| pokemon.shiny.houndoom-mega | pokemon.shiny.houndoom |
| pokemon.shiny.houndour | pokemon.shiny.houndstone |
| pokemon.shiny.huntail | pokemon.shiny.hydreigon |
| pokemon.shiny.hypno | pokemon.shiny.igglybuff |
| pokemon.shiny.illumise | pokemon.shiny.impidimp |
| pokemon.shiny.incineroar | pokemon.shiny.indeedee |
| pokemon.shiny.infernape | pokemon.shiny.inkay |
| pokemon.shiny.inteleon-gmax | pokemon.shiny.inteleon |
| pokemon.shiny.iron-bundle | pokemon.shiny.iron-hands |
| pokemon.shiny.iron-jugulis | pokemon.shiny.iron-moth |
| pokemon.shiny.iron-thorns | pokemon.shiny.iron-treads |
| pokemon.shiny.iron-valiant | pokemon.shiny.ivysaur |
| pokemon.shiny.jangmo-o | pokemon.shiny.jellicent |
| pokemon.shiny.jigglypuff | pokemon.shiny.jirachi |
| pokemon.shiny.jolteon | pokemon.shiny.joltik |
| pokemon.shiny.jumpluff | pokemon.shiny.jynx |
| pokemon.shiny.kabuto | pokemon.shiny.kabutops |
| pokemon.shiny.kadabra | pokemon.shiny.kakuna |
| pokemon.shiny.kangaskhan-mega | pokemon.shiny.kangaskhan |
| pokemon.shiny.karrablast | pokemon.shiny.kartana |
| pokemon.shiny.kecleon | pokemon.shiny.keldeo |
| pokemon.shiny.keldeo-resolute | pokemon.shiny.kilowattrel |
| pokemon.shiny.kingambit | pokemon.shiny.kingdra |
| pokemon.shiny.kingler-gmax | pokemon.shiny.kingler |
| pokemon.shiny.kirlia | pokemon.shiny.klang |
| pokemon.shiny.klawf | pokemon.shiny.kleavor-noble |
| pokemon.shiny.kleavor | pokemon.shiny.klefki |
| pokemon.shiny.klinklang | pokemon.shiny.klink |
| pokemon.shiny.koffing | pokemon.shiny.komala |
| pokemon.shiny.kommo-o | pokemon.shiny.koraidon-mount |
| pokemon.shiny.koraidon | pokemon.shiny.krabby |
| pokemon.shiny.kricketot | pokemon.shiny.kricketune |
| pokemon.shiny.krokorok | pokemon.shiny.krookodile |
| pokemon.shiny.kubfu | pokemon.shiny.kyogre |
| pokemon.shiny.kyogre-primal | pokemon.shiny.kyurem-black |
| pokemon.shiny.kyurem | pokemon.shiny.kyurem-white |
| pokemon.shiny.lairon | pokemon.shiny.lampent |
| pokemon.shiny.landorus | pokemon.shiny.landorus-therian |
| pokemon.shiny.lanturn | pokemon.shiny.lapras-gmax |
| pokemon.shiny.lapras | pokemon.shiny.larvesta |
| pokemon.shiny.larvitar | pokemon.shiny.latias-mega |
| pokemon.shiny.latias | pokemon.shiny.latios-mega |
| pokemon.shiny.latios | pokemon.shiny.leafeon |
| pokemon.shiny.leavanny | pokemon.shiny.lechonk |
| pokemon.shiny.ledian | pokemon.shiny.ledyba |
| pokemon.shiny.lickilicky | pokemon.shiny.lickitung |
| pokemon.shiny.liepard | pokemon.shiny.lileep |
| pokemon.shiny.lilligant-hisui-noble | pokemon.shiny.lilligant-hisui |
| pokemon.shiny.lilligant | pokemon.shiny.lillipup |
| pokemon.shiny.linoone-galar | pokemon.shiny.linoone |
| pokemon.shiny.litleo | pokemon.shiny.litten |
| pokemon.shiny.litwick | pokemon.shiny.lokix |
| pokemon.shiny.lombre | pokemon.shiny.lopunny-mega |
| pokemon.shiny.lopunny | pokemon.shiny.lotad |
| pokemon.shiny.loudred | pokemon.shiny.lucario-mega |
| pokemon.shiny.lucario | pokemon.shiny.ludicolo |
| pokemon.shiny.lugia | pokemon.shiny.lugia-shadow |
| pokemon.shiny.lumineon | pokemon.shiny.lunala |
| pokemon.shiny.lunatone | pokemon.shiny.lurantis |
| pokemon.shiny.luvdisc | pokemon.shiny.luxio |
| pokemon.shiny.luxray | pokemon.shiny.lycanroc-dusk |
| pokemon.shiny.lycanroc-midnight | pokemon.shiny.lycanroc |
| pokemon.shiny.mabosstiff | pokemon.shiny.machamp-gmax |
| pokemon.shiny.machamp | pokemon.shiny.machoke |
| pokemon.shiny.machop | pokemon.shiny.magby |
| pokemon.shiny.magcargo | pokemon.shiny.magearna-original |
| pokemon.shiny.magearna | pokemon.shiny.magikarp |
| pokemon.shiny.magmar | pokemon.shiny.magmortar |
| pokemon.shiny.magnemite | pokemon.shiny.magneton |
| pokemon.shiny.magnezone | pokemon.shiny.makuhita |
| pokemon.shiny.malamar | pokemon.shiny.mamoswine |
| pokemon.shiny.manaphy | pokemon.shiny.mandibuzz |
| pokemon.shiny.manectric-mega | pokemon.shiny.manectric |
| pokemon.shiny.mankey | pokemon.shiny.mantine |
| pokemon.shiny.mantyke | pokemon.shiny.maractus |
| pokemon.shiny.mareanie | pokemon.shiny.mareep |
| pokemon.shiny.marill | pokemon.shiny.marowak-alola |
| pokemon.shiny.marowak | pokemon.shiny.marshadow-gen7 |
| pokemon.shiny.marshadow | pokemon.shiny.marshtomp |
| pokemon.shiny.maschiff | pokemon.shiny.masquerain |
| pokemon.shiny.maushold-family-of-four | pokemon.shiny.maushold |
| pokemon.shiny.mawile-mega | pokemon.shiny.mawile |
| pokemon.shiny.medicham-mega | pokemon.shiny.medicham |
| pokemon.shiny.meditite | pokemon.shiny.meganium |
| pokemon.shiny.melmetal-gmax | pokemon.shiny.melmetal |
| pokemon.shiny.meloetta-pirouette | pokemon.shiny.meloetta |
| pokemon.shiny.meltan | pokemon.shiny.meowscarada |
| pokemon.shiny.meowstic | pokemon.shiny.meowth-alola |
| pokemon.shiny.meowth-galar | pokemon.shiny.meowth-gmax |
| pokemon.shiny.meowth | pokemon.shiny.mesprit |
| pokemon.shiny.metagross-mega | pokemon.shiny.metagross |
| pokemon.shiny.metang | pokemon.shiny.metapod |
| pokemon.shiny.mew | pokemon.shiny.mewtwo-mega-x |
| pokemon.shiny.mewtwo-mega-y | pokemon.shiny.mewtwo |
| pokemon.shiny.mienfoo | pokemon.shiny.mienshao |
| pokemon.shiny.mightyena | pokemon.shiny.milcery |
| pokemon.shiny.milotic | pokemon.shiny.miltank |
| pokemon.shiny.mime-jr | pokemon.shiny.mimikyu |
| pokemon.shiny.minccino | pokemon.shiny.minior-blue-gen7 |
| pokemon.shiny.minior-blue | pokemon.shiny.minior-green-gen7 |
| pokemon.shiny.minior-green | pokemon.shiny.minior-indigo-gen7 |
| pokemon.shiny.minior-indigo | pokemon.shiny.minior-orange-gen7 |
| pokemon.shiny.minior-orange | pokemon.shiny.minior |
| pokemon.shiny.minior-red-gen7 | pokemon.shiny.minior-red |
| pokemon.shiny.minior-violet-gen7 | pokemon.shiny.minior-violet |
| pokemon.shiny.minior-yellow-gen7 | pokemon.shiny.minior-yellow |
| pokemon.shiny.minun | pokemon.shiny.miraidon-mount |
| pokemon.shiny.miraidon | pokemon.shiny.misdreavus |
| pokemon.shiny.mismagius | pokemon.shiny.moltres-galar |
| pokemon.shiny.moltres | pokemon.shiny.monferno |
| pokemon.shiny.morelull | pokemon.shiny.morgrem |
| pokemon.shiny.morpeko-hangry | pokemon.shiny.morpeko |
| pokemon.shiny.mothim | pokemon.shiny.mr-mime-galar |
| pokemon.shiny.mr-mime | pokemon.shiny.mr-rime |
| pokemon.shiny.mudbray | pokemon.shiny.mudkip |
| pokemon.shiny.mudsdale | pokemon.shiny.muk-alola |
| pokemon.shiny.muk | pokemon.shiny.munchlax |
| pokemon.shiny.munna | pokemon.shiny.murkrow |
| pokemon.shiny.musharna | pokemon.shiny.nacli |
| pokemon.shiny.naclstack | pokemon.shiny.naganadel |
| pokemon.shiny.natu | pokemon.shiny.necrozma-dawn |
| pokemon.shiny.necrozma-dusk | pokemon.shiny.necrozma |
| pokemon.shiny.necrozma-ultra | pokemon.shiny.nickit |
| pokemon.shiny.nidoking | pokemon.shiny.nidoqueen |
| pokemon.shiny.nidoran-f | pokemon.shiny.nidoran-m |
| pokemon.shiny.nidorina | pokemon.shiny.nidorino |
| pokemon.shiny.nihilego | pokemon.shiny.nincada |
| pokemon.shiny.ninetales-alola | pokemon.shiny.ninetales |
| pokemon.shiny.ninjask | pokemon.shiny.noctowl |
| pokemon.shiny.noibat | pokemon.shiny.noivern |
| pokemon.shiny.nosepass | pokemon.shiny.numel |
| pokemon.shiny.nuzleaf | pokemon.shiny.nymble |
| pokemon.shiny.obstagoon | pokemon.shiny.octillery |
| pokemon.shiny.oddish | pokemon.shiny.oinkologne-f |
| pokemon.shiny.oinkologne | pokemon.shiny.omanyte |
| pokemon.shiny.omastar | pokemon.shiny.onix |
| pokemon.shiny.oranguru | pokemon.shiny.orbeetle-gmax |
| pokemon.shiny.orbeetle | pokemon.shiny.oricorio-pau |
| pokemon.shiny.oricorio | pokemon.shiny.oricorio-pom-pom |
| pokemon.shiny.oricorio-sensu | pokemon.shiny.orthworm |
| pokemon.shiny.oshawott | pokemon.shiny.overqwil |
| pokemon.shiny.pachirisu | pokemon.shiny.palafin-hero |
| pokemon.shiny.palafin | pokemon.shiny.palkia-origin |
| pokemon.shiny.palkia | pokemon.shiny.palossand |
| pokemon.shiny.palpitoad | pokemon.shiny.pancham |
| pokemon.shiny.pangoro | pokemon.shiny.panpour |
| pokemon.shiny.pansage | pokemon.shiny.pansear |
| pokemon.shiny.parasect | pokemon.shiny.paras |
| pokemon.shiny.passimian | pokemon.shiny.patrat |
| pokemon.shiny.pawmi | pokemon.shiny.pawmo |
| pokemon.shiny.pawmot | pokemon.shiny.pawniard |
| pokemon.shiny.pelipper | pokemon.shiny.perrserker |
| pokemon.shiny.persian-alola | pokemon.shiny.persian |
| pokemon.shiny.petilil | pokemon.shiny.phanpy |
| pokemon.shiny.phantump | pokemon.shiny.pheromosa |
| pokemon.shiny.phione | pokemon.shiny.pichu |
| pokemon.shiny.pichu-spiky-eared | pokemon.shiny.pidgeot-mega |
| pokemon.shiny.pidgeot | pokemon.shiny.pidgeotto |
| pokemon.shiny.pidgey | pokemon.shiny.pidove |
| pokemon.shiny.pignite | pokemon.shiny.pikachu-alola-cap |
| pokemon.shiny.pikachu-belle | pokemon.shiny.pikachu-cosplay |
| pokemon.shiny.pikachu-gmax | pokemon.shiny.pikachu-hoenn-cap |
| pokemon.shiny.pikachu-kalos-cap | pokemon.shiny.pikachu-libre |
| pokemon.shiny.pikachu-original-cap | pokemon.shiny.pikachu-partner-cap |
| pokemon.shiny.pikachu-phd | pokemon.shiny.pikachu |
| pokemon.shiny.pikachu-pop-star | pokemon.shiny.pikachu-rock-star |
| pokemon.shiny.pikachu-sinnoh-cap | pokemon.shiny.pikachu-starter |
| pokemon.shiny.pikachu-unova-cap | pokemon.shiny.pikachu-world-cap |
| pokemon.shiny.pikipek | pokemon.shiny.piloswine |
| pokemon.shiny.pincurchin | pokemon.shiny.pineco |
| pokemon.shiny.pinsir-mega | pokemon.shiny.pinsir |
| pokemon.shiny.piplup | pokemon.shiny.plusle |
| pokemon.shiny.poipole | pokemon.shiny.politoed |
| pokemon.shiny.poliwag | pokemon.shiny.poliwhirl |
| pokemon.shiny.poliwrath | pokemon.shiny.polteageist |
| pokemon.shiny.ponyta-galar | pokemon.shiny.ponyta |
| pokemon.shiny.poochyena | pokemon.shiny.popplio |
| pokemon.shiny.porygon2 | pokemon.shiny.porygon |
| pokemon.shiny.porygon-z | pokemon.shiny.primarina |
| pokemon.shiny.primeape | pokemon.shiny.prinplup |
| pokemon.shiny.probopass | pokemon.shiny.psyduck |
| pokemon.shiny.pumpkaboo-large | pokemon.shiny.pumpkaboo |
| pokemon.shiny.pumpkaboo-small | pokemon.shiny.pumpkaboo-super |
| pokemon.shiny.pupitar | pokemon.shiny.purrloin |
| pokemon.shiny.purugly | pokemon.shiny.pyroar |
| pokemon.shiny.pyukumuku | pokemon.shiny.quagsire |
| pokemon.shiny.quaquaval | pokemon.shiny.quaxly |
| pokemon.shiny.quaxwell | pokemon.shiny.quilava |
| pokemon.shiny.quilladin | pokemon.shiny.qwilfish-hisui |
| pokemon.shiny.qwilfish | pokemon.shiny.raboot |
| pokemon.shiny.rabsca | pokemon.shiny.raichu-alola |
| pokemon.shiny.raichu | pokemon.shiny.raikou |
| pokemon.shiny.ralts | pokemon.shiny.rampardos |
| pokemon.shiny.rapidash-galar | pokemon.shiny.rapidash |
| pokemon.shiny.raticate-alola | pokemon.shiny.raticate |
| pokemon.shiny.rattata-alola | pokemon.shiny.rattata |
| pokemon.shiny.rayquaza-mega | pokemon.shiny.rayquaza |
| pokemon.shiny.regice | pokemon.shiny.regidrago |
| pokemon.shiny.regieleki | pokemon.shiny.regigigas |
| pokemon.shiny.regirock | pokemon.shiny.registeel |
| pokemon.shiny.relicanth | pokemon.shiny.rellor |
| pokemon.shiny.remoraid | pokemon.shiny.reshiram |
| pokemon.shiny.reuniclus | pokemon.shiny.revavroom |
| pokemon.shiny.rhydon | pokemon.shiny.rhyhorn |
| pokemon.shiny.rhyperior | pokemon.shiny.ribombee |
| pokemon.shiny.rillaboom-gmax | pokemon.shiny.rillaboom |
| pokemon.shiny.riolu | pokemon.shiny.roaring-moon |
| pokemon.shiny.rockruff | pokemon.shiny.roggenrola |
| pokemon.shiny.rolycoly | pokemon.shiny.rookidee |
| pokemon.shiny.roselia | pokemon.shiny.roserade |
| pokemon.shiny.rotom-fan | pokemon.shiny.rotom-frost |
| pokemon.shiny.rotom-heat | pokemon.shiny.rotom-mow |
| pokemon.shiny.rotom | pokemon.shiny.rotom-wash |
| pokemon.shiny.rowlet | pokemon.shiny.rufflet |
| pokemon.shiny.runerigus | pokemon.shiny.sableye-mega |
| pokemon.shiny.sableye | pokemon.shiny.salamence-mega |
| pokemon.shiny.salamence | pokemon.shiny.salandit |
| pokemon.shiny.salazzle | pokemon.shiny.samurott-hisui |
| pokemon.shiny.samurott | pokemon.shiny.sandaconda-gmax |
| pokemon.shiny.sandaconda | pokemon.shiny.sandile |
| pokemon.shiny.sandshrew-alola | pokemon.shiny.sandshrew |
| pokemon.shiny.sandslash-alola | pokemon.shiny.sandslash |
| pokemon.shiny.sandygast | pokemon.shiny.sandy-shocks |
| pokemon.shiny.sawk | pokemon.shiny.sawsbuck-autumn |
| pokemon.shiny.sawsbuck | pokemon.shiny.sawsbuck-summer |
| pokemon.shiny.sawsbuck-winter | pokemon.shiny.scatterbug |
| pokemon.shiny.sceptile-mega | pokemon.shiny.sceptile |
| pokemon.shiny.scizor-mega | pokemon.shiny.scizor |
| pokemon.shiny.scolipede | pokemon.shiny.scorbunny |
| pokemon.shiny.scovillain | pokemon.shiny.scrafty |
| pokemon.shiny.scraggy | pokemon.shiny.scream-tail |
| pokemon.shiny.scyther | pokemon.shiny.seadra |
| pokemon.shiny.seaking | pokemon.shiny.sealeo |
| pokemon.shiny.seedot | pokemon.shiny.seel |
| pokemon.shiny.seismitoad | pokemon.shiny.sentret |
| pokemon.shiny.serperior | pokemon.shiny.servine |
| pokemon.shiny.seviper | pokemon.shiny.sewaddle |
| pokemon.shiny.sharpedo-mega | pokemon.shiny.sharpedo |
| pokemon.shiny.shaymin | pokemon.shiny.shaymin-sky |
| pokemon.shiny.shedinja | pokemon.shiny.shelgon |
| pokemon.shiny.shellder | pokemon.shiny.shellos-east |
| pokemon.shiny.shellos | pokemon.shiny.shelmet |
| pokemon.shiny.shieldon | pokemon.shiny.shiftry |
| pokemon.shiny.shiinotic | pokemon.shiny.shinx |
| pokemon.shiny.shroodle | pokemon.shiny.shroomish |
| pokemon.shiny.shuckle | pokemon.shiny.shuppet |
| pokemon.shiny.sigilyph | pokemon.shiny.silcoon |
| pokemon.shiny.silicobra | pokemon.shiny.silvally-bug |
| pokemon.shiny.silvally-dark | pokemon.shiny.silvally-dragon |
| pokemon.shiny.silvally-electric | pokemon.shiny.silvally-fairy |
| pokemon.shiny.silvally-fighting | pokemon.shiny.silvally-fire |
| pokemon.shiny.silvally-flying | pokemon.shiny.silvally-ghost |
| pokemon.shiny.silvally-grass | pokemon.shiny.silvally-ground |
| pokemon.shiny.silvally-ice | pokemon.shiny.silvally |
| pokemon.shiny.silvally-poison | pokemon.shiny.silvally-psychic |
| pokemon.shiny.silvally-rock | pokemon.shiny.silvally-steel |
| pokemon.shiny.silvally-water | pokemon.shiny.simipour |
| pokemon.shiny.simisage | pokemon.shiny.simisear |
| pokemon.shiny.sinistea | pokemon.shiny.sirfetchd |
| pokemon.shiny.sizzlipede | pokemon.shiny.skarmory |
| pokemon.shiny.skeledirge | pokemon.shiny.skiddo |
| pokemon.shiny.skiploom | pokemon.shiny.skitty |
| pokemon.shiny.skorupi | pokemon.shiny.skrelp |
| pokemon.shiny.skuntank | pokemon.shiny.skwovet |
| pokemon.shiny.slaking | pokemon.shiny.slakoth |
| pokemon.shiny.sliggoo-hisui | pokemon.shiny.sliggoo |
| pokemon.shiny.slither-wing | pokemon.shiny.slowbro-galar |
| pokemon.shiny.slowbro-mega | pokemon.shiny.slowbro |
| pokemon.shiny.slowking-galar | pokemon.shiny.slowking |
| pokemon.shiny.slowpoke-galar | pokemon.shiny.slowpoke |
| pokemon.shiny.slugma | pokemon.shiny.slurpuff |
| pokemon.shiny.smeargle | pokemon.shiny.smoliv |
| pokemon.shiny.smoochum | pokemon.shiny.sneasel-hisui |
| pokemon.shiny.sneasel | pokemon.shiny.sneasler |
| pokemon.shiny.snivy | pokemon.shiny.snom |
| pokemon.shiny.snorlax-gmax | pokemon.shiny.snorlax |
| pokemon.shiny.snorunt | pokemon.shiny.snover |
| pokemon.shiny.snubbull | pokemon.shiny.sobble |
| pokemon.shiny.solgaleo | pokemon.shiny.solosis |
| pokemon.shiny.solrock | pokemon.shiny.spearow |
| pokemon.shiny.spectrier | pokemon.shiny.spewpa |
| pokemon.shiny.spheal | pokemon.shiny.spidops |
| pokemon.shiny.spinarak | pokemon.shiny.spinda-blank |
| pokemon.shiny.spinda-filled | pokemon.shiny.spinda |
| pokemon.shiny.spiritomb | pokemon.shiny.spoink |
| pokemon.shiny.sprigatito | pokemon.shiny.spritzee |
| pokemon.shiny.squawkabilly-blue | pokemon.shiny.squawkabilly-green |
| pokemon.shiny.squawkabilly-white | pokemon.shiny.squawkabilly-yellow |
| pokemon.shiny.squirtle | pokemon.shiny.stakataka |
| pokemon.shiny.stantler | pokemon.shiny.staraptor |
| pokemon.shiny.staravia | pokemon.shiny.starly |
| pokemon.shiny.starmie | pokemon.shiny.staryu |
| pokemon.shiny.steelix-mega | pokemon.shiny.steelix |
| pokemon.shiny.steenee | pokemon.shiny.stonjourner |
| pokemon.shiny.stoutland | pokemon.shiny.stufful |
| pokemon.shiny.stunfisk-galar | pokemon.shiny.stunfisk |
| pokemon.shiny.stunky | pokemon.shiny.sudowoodo |
| pokemon.shiny.suicune | pokemon.shiny.sunflora |
| pokemon.shiny.sunkern | pokemon.shiny.surskit |
| pokemon.shiny.swablu | pokemon.shiny.swadloon |
| pokemon.shiny.swalot | pokemon.shiny.swampert-mega |
| pokemon.shiny.swampert | pokemon.shiny.swanna |
| pokemon.shiny.swellow | pokemon.shiny.swinub |
| pokemon.shiny.swirlix | pokemon.shiny.swoobat |
| pokemon.shiny.sylveon | pokemon.shiny.tadbulb |
| pokemon.shiny.taillow | pokemon.shiny.talonflame |
| pokemon.shiny.tandemaus | pokemon.shiny.tangela |
| pokemon.shiny.tangrowth | pokemon.shiny.tapu-bulu |
| pokemon.shiny.tapu-fini | pokemon.shiny.tapu-koko |
| pokemon.shiny.tapu-lele | pokemon.shiny.tarountula |
| pokemon.shiny.tatsugiri-droopy | pokemon.shiny.tatsugiri |
| pokemon.shiny.tatsugiri-stretchy | pokemon.shiny.tauros-aqua-breed |
| pokemon.shiny.tauros-blaze-breed | pokemon.shiny.tauros-combat-breed |
| pokemon.shiny.tauros | pokemon.shiny.teddiursa |
| pokemon.shiny.tentacool | pokemon.shiny.tentacruel |
| pokemon.shiny.tepig | pokemon.shiny.terrakion |
| pokemon.shiny.thievul | pokemon.shiny.throh |
| pokemon.shiny.thundurus | pokemon.shiny.thundurus-therian |
| pokemon.shiny.thwackey | pokemon.shiny.timburr |
| pokemon.shiny.ting-lu | pokemon.shiny.tinkatink |
| pokemon.shiny.tinkaton | pokemon.shiny.tinkatuff |
| pokemon.shiny.tirtouga | pokemon.shiny.toedscool |
| pokemon.shiny.toedscruel | pokemon.shiny.togedemaru |
| pokemon.shiny.togekiss | pokemon.shiny.togepi |
| pokemon.shiny.togetic | pokemon.shiny.torchic |
| pokemon.shiny.torkoal | pokemon.shiny.tornadus |
| pokemon.shiny.tornadus-therian | pokemon.shiny.torracat |
| pokemon.shiny.torterra | pokemon.shiny.totodile |
| pokemon.shiny.toucannon | pokemon.shiny.toxapex |
| pokemon.shiny.toxel | pokemon.shiny.toxicroak |
| pokemon.shiny.toxtricity-gmax | pokemon.shiny.toxtricity-low-key |
| pokemon.shiny.toxtricity | pokemon.shiny.tranquill |
| pokemon.shiny.trapinch | pokemon.shiny.treecko |
| pokemon.shiny.trevenant | pokemon.shiny.tropius |
| pokemon.shiny.trubbish | pokemon.shiny.trumbeak |
| pokemon.shiny.tsareena | pokemon.shiny.turtonator |
| pokemon.shiny.turtwig | pokemon.shiny.tympole |
| pokemon.shiny.tynamo | pokemon.shiny.type-null |
| pokemon.shiny.typhlosion-hisui | pokemon.shiny.typhlosion |
| pokemon.shiny.tyranitar-mega | pokemon.shiny.tyranitar |
| pokemon.shiny.tyrantrum | pokemon.shiny.tyrogue |
| pokemon.shiny.tyrunt | pokemon.shiny.umbreon |
| pokemon.shiny.unfezant | pokemon.shiny.unown-b |
| pokemon.shiny.unown-c | pokemon.shiny.unown-d |
| pokemon.shiny.unown-e | pokemon.shiny.unown-exclamation |
| pokemon.shiny.unown-f | pokemon.shiny.unown-g |
| pokemon.shiny.unown-h | pokemon.shiny.unown-i |
| pokemon.shiny.unown-j | pokemon.shiny.unown-k |
| pokemon.shiny.unown-l | pokemon.shiny.unown-m |
| pokemon.shiny.unown-n | pokemon.shiny.unown-o |
| pokemon.shiny.unown | pokemon.shiny.unown-p |
| pokemon.shiny.unown-q | pokemon.shiny.unown-question |
| pokemon.shiny.unown-r | pokemon.shiny.unown-s |
| pokemon.shiny.unown-t | pokemon.shiny.unown-u |
| pokemon.shiny.unown-v | pokemon.shiny.unown-w |
| pokemon.shiny.unown-x | pokemon.shiny.unown-y |
| pokemon.shiny.unown-z | pokemon.shiny.ursaluna |
| pokemon.shiny.ursaring | pokemon.shiny.urshifu-gmax |
| pokemon.shiny.urshifu | pokemon.shiny.urshifu-rapid-strike-gmax |
| pokemon.shiny.uxie | pokemon.shiny.vanillish |
| pokemon.shiny.vanillite | pokemon.shiny.vanilluxe |
| pokemon.shiny.vaporeon | pokemon.shiny.varoom |
| pokemon.shiny.veluza | pokemon.shiny.venipede |
| pokemon.shiny.venomoth | pokemon.shiny.venonat |
| pokemon.shiny.venusaur-gmax | pokemon.shiny.venusaur-mega |
| pokemon.shiny.venusaur | pokemon.shiny.vespiquen |
| pokemon.shiny.vibrava | pokemon.shiny.victini |
| pokemon.shiny.victreebel | pokemon.shiny.vigoroth |
| pokemon.shiny.vikavolt | pokemon.shiny.vileplume |
| pokemon.shiny.virizion | pokemon.shiny.vivillon-archipelago |
| pokemon.shiny.vivillon-continental | pokemon.shiny.vivillon-elegant |
| pokemon.shiny.vivillon-fancy | pokemon.shiny.vivillon-garden |
| pokemon.shiny.vivillon-high-plains | pokemon.shiny.vivillon-icy-snow |
| pokemon.shiny.vivillon-jungle | pokemon.shiny.vivillon-marine |
| pokemon.shiny.vivillon-modern | pokemon.shiny.vivillon-monsoon |
| pokemon.shiny.vivillon-ocean | pokemon.shiny.vivillon |
| pokemon.shiny.vivillon-poke-ball | pokemon.shiny.vivillon-polar |
| pokemon.shiny.vivillon-river | pokemon.shiny.vivillon-sandstorm |
| pokemon.shiny.vivillon-savanna | pokemon.shiny.vivillon-sun |
| pokemon.shiny.vivillon-tundra | pokemon.shiny.volbeat |
| pokemon.shiny.volcanion | pokemon.shiny.volcarona |
| pokemon.shiny.voltorb-hisui | pokemon.shiny.voltorb |
| pokemon.shiny.vullaby | pokemon.shiny.vulpix-alola |
| pokemon.shiny.vulpix | pokemon.shiny.wailmer |
| pokemon.shiny.wailord | pokemon.shiny.walrein |
| pokemon.shiny.wartortle | pokemon.shiny.watchog |
| pokemon.shiny.wattrel | pokemon.shiny.weavile |
| pokemon.shiny.weedle | pokemon.shiny.weepinbell |
| pokemon.shiny.weezing-galar | pokemon.shiny.weezing |
| pokemon.shiny.whimsicott | pokemon.shiny.whirlipede |
| pokemon.shiny.whiscash | pokemon.shiny.whismur |
| pokemon.shiny.wigglytuff | pokemon.shiny.wiglett |
| pokemon.shiny.wimpod | pokemon.shiny.wingull |
| pokemon.shiny.wishiwashi | pokemon.shiny.wishiwashi-school |
| pokemon.shiny.wobbuffet | pokemon.shiny.wo-chien |
| pokemon.shiny.woobat | pokemon.shiny.wooloo |
| pokemon.shiny.wooper-paldea | pokemon.shiny.wooper |
| pokemon.shiny.wormadam | pokemon.shiny.wormadam-sandy |
| pokemon.shiny.wormadam-trash | pokemon.shiny.wugtrio |
| pokemon.shiny.wurmple | pokemon.shiny.wynaut |
| pokemon.shiny.wyrdeer | pokemon.shiny.xatu |
| pokemon.shiny.xerneas-active | pokemon.shiny.xerneas |
| pokemon.shiny.xurkitree | pokemon.shiny.yamask-galar |
| pokemon.shiny.yamask | pokemon.shiny.yamper |
| pokemon.shiny.yanma | pokemon.shiny.yanmega |
| pokemon.shiny.yungoos | pokemon.shiny.yveltal |
| pokemon.shiny.zacian-crowned | pokemon.shiny.zacian |
| pokemon.shiny.zamazenta-crowned | pokemon.shiny.zamazenta |
| pokemon.shiny.zangoose | pokemon.shiny.zapdos-galar |
| pokemon.shiny.zapdos | pokemon.shiny.zarude-dada |
| pokemon.shiny.zarude | pokemon.shiny.zebstrika |
| pokemon.shiny.zekrom | pokemon.shiny.zeraora |
| pokemon.shiny.zigzagoon-galar | pokemon.shiny.zigzagoon |
| pokemon.shiny.zoroark-hisui | pokemon.shiny.zoroark |
| pokemon.shiny.zorua-hisui | pokemon.shiny.zorua |
| pokemon.shiny.zubat | pokemon.shiny.zweilous |
| pokemon.shiny.zygarde-10 | pokemon.shiny.zygarde-complete |
| pokemon.shiny.zygarde | pokemon.shroodle |
| pokemon.shroomish | pokemon.shuckle |
| pokemon.shuppet | pokemon.sigilyph |
| pokemon.silcoon | pokemon.silicobra |
| pokemon.silvally-bug | pokemon.silvally-dark |
| pokemon.silvally-dragon | pokemon.silvally-electric |
| pokemon.silvally-fairy | pokemon.silvally-fighting |
| pokemon.silvally-fire | pokemon.silvally-flying |
| pokemon.silvally-ghost | pokemon.silvally-grass |
| pokemon.silvally-ground | pokemon.silvally-ice |
| pokemon.silvally | pokemon.silvally-poison |
| pokemon.silvally-psychic | pokemon.silvally-rock |
| pokemon.silvally-steel | pokemon.silvally-water |
| pokemon.simipour | pokemon.simisage |
| pokemon.simisear | pokemon.sinistcha |
| pokemon.sinistea | pokemon.sirfetchd |
| pokemon.sizzlipede | pokemon.skarmory |
| pokemon.skeledirge | pokemon.skiddo |
| pokemon.skiploom | pokemon.skitty |
| pokemon.skorupi | pokemon.skrelp |
| pokemon.skuntank | pokemon.skwovet |
| pokemon.slaking | pokemon.slakoth |
| pokemon.sliggoo-hisui | pokemon.sliggoo |
| pokemon.slither-wing | pokemon.slowbro-galar |
| pokemon.slowbro-mega | pokemon.slowbro |
| pokemon.slowking-galar | pokemon.slowking |
| pokemon.slowpoke-galar | pokemon.slowpoke |
| pokemon.slugma | pokemon.slurpuff |
| pokemon.smeargle | pokemon.smoliv |
| pokemon.smoochum | pokemon.sneasel-hisui |
| pokemon.sneasel | pokemon.sneasler |
| pokemon.snivy | pokemon.snom |
| pokemon.snorlax-gmax | pokemon.snorlax |
| pokemon.snorunt | pokemon.snover |
| pokemon.snubbull | pokemon.sobble |
| pokemon.solgaleo | pokemon.solosis |
| pokemon.solrock | pokemon.spearow |
| pokemon.spectrier | pokemon.spewpa |
| pokemon.spheal | pokemon.spidops |
| pokemon.spinarak | pokemon.spinda-blank |
| pokemon.spinda-filled | pokemon.spinda |
| pokemon.spiritomb | pokemon.spoink |
| pokemon.sprigatito | pokemon.spritzee |
| pokemon.squawkabilly-blue | pokemon.squawkabilly-green |
| pokemon.squawkabilly-white | pokemon.squawkabilly-yellow |
| pokemon.squirtle | pokemon.stakataka |
| pokemon.stantler | pokemon.staraptor |
| pokemon.staravia | pokemon.starly |
| pokemon.starmie | pokemon.staryu |
| pokemon.steelix-mega | pokemon.steelix |
| pokemon.steenee | pokemon.stonjourner |
| pokemon.stoutland | pokemon.stufful |
| pokemon.stunfisk-galar | pokemon.stunfisk |
| pokemon.stunky | pokemon.sudowoodo |
| pokemon.suicune | pokemon.sunflora |
| pokemon.sunkern | pokemon.surskit |
| pokemon.swablu | pokemon.swadloon |
| pokemon.swalot | pokemon.swampert-mega |
| pokemon.swampert | pokemon.swanna |
| pokemon.swellow | pokemon.swinub |
| pokemon.swirlix | pokemon.swoobat |
| pokemon.sylveon | pokemon.tadbulb |
| pokemon.taillow | pokemon.talonflame |
| pokemon.tandemaus | pokemon.tangela |
| pokemon.tangrowth | pokemon.tapu-bulu |
| pokemon.tapu-fini | pokemon.tapu-koko |
| pokemon.tapu-lele | pokemon.tarountula |
| pokemon.tatsugiri-droopy | pokemon.tatsugiri |
| pokemon.tatsugiri-stretchy | pokemon.tauros-aqua-breed |
| pokemon.tauros-blaze-breed | pokemon.tauros-combat-breed |
| pokemon.tauros | pokemon.teddiursa |
| pokemon.tentacool | pokemon.tentacruel |
| pokemon.tepig | pokemon.terapagos |
| pokemon.terapagos-stellar | pokemon.terapagos-terastal |
| pokemon.terrakion | pokemon.thievul |
| pokemon.throh | pokemon.thundurus |
| pokemon.thundurus-therian | pokemon.thwackey |
| pokemon.timburr | pokemon.ting-lu |
| pokemon.tinkatink | pokemon.tinkaton |
| pokemon.tinkatuff | pokemon.tirtouga |
| pokemon.toedscool | pokemon.toedscruel |
| pokemon.togedemaru | pokemon.togekiss |
| pokemon.togepi | pokemon.togetic |
| pokemon.torchic | pokemon.torkoal |
| pokemon.tornadus | pokemon.tornadus-therian |
| pokemon.torracat | pokemon.torterra |
| pokemon.totodile | pokemon.toucannon |
| pokemon.toxapex | pokemon.toxel |
| pokemon.toxicroak | pokemon.toxtricity-gmax |
| pokemon.toxtricity-low-key | pokemon.toxtricity |
| pokemon.tranquill | pokemon.trapinch |
| pokemon.treecko | pokemon.trevenant |
| pokemon.tropius | pokemon.trubbish |
| pokemon.trumbeak | pokemon.tsareena |
| pokemon.turtonator | pokemon.turtwig |
| pokemon.tympole | pokemon.tynamo |
| pokemon.type-null | pokemon.typhlosion-hisui |
| pokemon.typhlosion | pokemon.tyranitar-mega |
| pokemon.tyranitar | pokemon.tyrantrum |
| pokemon.tyrogue | pokemon.tyrunt |
| pokemon.umbreon | pokemon.unfezant |
| pokemon.unknown-gen5 | pokemon.unknown |
| pokemon.unown-b | pokemon.unown-c |
| pokemon.unown-d | pokemon.unown-e |
| pokemon.unown-exclamation | pokemon.unown-f |
| pokemon.unown-g | pokemon.unown-h |
| pokemon.unown-i | pokemon.unown-j |
| pokemon.unown-k | pokemon.unown-l |
| pokemon.unown-m | pokemon.unown-n |
| pokemon.unown-o | pokemon.unown |
| pokemon.unown-p | pokemon.unown-q |
| pokemon.unown-question | pokemon.unown-r |
| pokemon.unown-s | pokemon.unown-t |
| pokemon.unown-u | pokemon.unown-v |
| pokemon.unown-w | pokemon.unown-x |
| pokemon.unown-y | pokemon.unown-z |
| pokemon.ursaluna | pokemon.ursaring |
| pokemon.urshifu-gmax | pokemon.urshifu |
| pokemon.urshifu-rapid-strike-gmax | pokemon.uxie |
| pokemon.vanillish | pokemon.vanillite |
| pokemon.vanilluxe | pokemon.vaporeon |
| pokemon.varoom | pokemon.veluza |
| pokemon.venipede | pokemon.venomoth |
| pokemon.venonat | pokemon.venusaur-gmax |
| pokemon.venusaur-mega | pokemon.venusaur |
| pokemon.vespiquen | pokemon.vibrava |
| pokemon.victini | pokemon.victreebel |
| pokemon.vigoroth | pokemon.vikavolt |
| pokemon.vileplume | pokemon.virizion |
| pokemon.vivillon-archipelago | pokemon.vivillon-continental |
| pokemon.vivillon-elegant | pokemon.vivillon-fancy |
| pokemon.vivillon-garden | pokemon.vivillon-high-plains |
| pokemon.vivillon-icy-snow | pokemon.vivillon-jungle |
| pokemon.vivillon-marine | pokemon.vivillon-modern |
| pokemon.vivillon-monsoon | pokemon.vivillon-ocean |
| pokemon.vivillon | pokemon.vivillon-poke-ball |
| pokemon.vivillon-polar | pokemon.vivillon-river |
| pokemon.vivillon-sandstorm | pokemon.vivillon-savanna |
| pokemon.vivillon-sun | pokemon.vivillon-tundra |
| pokemon.volbeat | pokemon.volcanion |
| pokemon.volcarona | pokemon.voltorb-hisui |
| pokemon.voltorb | pokemon.vullaby |
| pokemon.vulpix-alola | pokemon.vulpix |
| pokemon.wailmer | pokemon.wailord |
| pokemon.walking-wake | pokemon.walrein |
| pokemon.wartortle | pokemon.watchog |
| pokemon.wattrel | pokemon.weavile |
| pokemon.weedle | pokemon.weepinbell |
| pokemon.weezing-galar | pokemon.weezing |
| pokemon.whimsicott | pokemon.whirlipede |
| pokemon.whiscash | pokemon.whismur |
| pokemon.wigglytuff | pokemon.wiglett |
| pokemon.wimpod | pokemon.wingull |
| pokemon.wishiwashi | pokemon.wishiwashi-school |
| pokemon.wobbuffet | pokemon.wo-chien |
| pokemon.woobat | pokemon.wooloo |
| pokemon.wooper-paldea | pokemon.wooper |
| pokemon.wormadam | pokemon.wormadam-sandy |
| pokemon.wormadam-trash | pokemon.wugtrio |
| pokemon.wurmple | pokemon.wynaut |
| pokemon.wyrdeer | pokemon.xatu |
| pokemon.xerneas-active | pokemon.xerneas |
| pokemon.xurkitree | pokemon.yamask-galar |
| pokemon.yamask | pokemon.yamper |
| pokemon.yanma | pokemon.yanmega |
| pokemon.yungoos | pokemon.yveltal |
| pokemon.zacian-crowned | pokemon.zacian |
| pokemon.zamazenta-crowned | pokemon.zamazenta |
| pokemon.zangoose | pokemon.zapdos-galar |
| pokemon.zapdos | pokemon.zarude-dada |
| pokemon.zarude | pokemon.zebstrika |
| pokemon.zekrom | pokemon.zeraora |
| pokemon.zigzagoon-galar | pokemon.zigzagoon |
| pokemon.zoroark-hisui | pokemon.zoroark |
| pokemon.zorua-hisui | pokemon.zorua |
| pokemon.zubat | pokemon.zweilous |
| pokemon.zygarde-10 | pokemon.zygarde-complete |
| pokemon.zygarde | roto.bargain |
| roto.boost | roto.catch |
| roto.encounter | roto.exp-points |
| roto.friendship | roto.hatch |
| roto.hp-restore | roto.pp-restore |
| roto.prize-money | roto.stealth |
| scarf.blue | scarf.green |
| scarf.pink | scarf.red |
| scarf.yellow | shard.blue |
| shard.green | shard.red |
| shard.yellow | storage.battle-pocket |
| storage.candy-jar | storage.catching-pocket |
| storage.clothing-trunk | storage.medicine-pocket |
| storage.pokemon-box | storage.power-up-pocket |
| storage.tm-case | tm.bug |
| tm.dark | tm.dragon |
| tm.electric | tm.fairy |
| tm.fighting | tm.fire |
| tm.flying | tm.ghost |
| tm.grass | tm.ground |
| tm.ice | tm.normal |
| tm.poison | tm.psychic |
| tm.rock | tm.steel |
| tm.water | tr.bug |
| tr.dark | tr.dragon |
| tr.electric | tr.fairy |
| tr.fighting | tr.fire |
| tr.flying | tr.ghost |
| tr.grass | tr.ground |
| tr.ice | tr.normal |
| tr.poison | tr.psychic |
| tr.rock | tr.steel |
| tr.water | valuable-item.balm-mushroom |
| valuable-item.big-mushroom | valuable-item.big-nugget |
| valuable-item.big-pearl | valuable-item.comet-shard |
| valuable-item.nugget | valuable-item.pearl |
| valuable-item.pearl-string | valuable-item.pretty-wing |
| valuable-item.rare-bone | valuable-item.relic-band |
| valuable-item.relic-copper | valuable-item.relic-crown |
| valuable-item.relic-gold | valuable-item.relic-silver |
| valuable-item.relic-statue | valuable-item.relic-vase |
| valuable-item.shoal-salt | valuable-item.shoal-shell |
| valuable-item.slowpoke-tail | valuable-item.stardust |
| valuable-item.star-piece | valuable-item.tiny-mushroom |
| wonder-launcher.ability-urge | wonder-launcher.antidote |
| wonder-launcher.awakening | wonder-launcher.burn-heal |
| wonder-launcher.dire-hit-1 | wonder-launcher.dire-hit-2 |
| wonder-launcher.dire-hit-3 | wonder-launcher.ether |
| wonder-launcher.full-heal | wonder-launcher.full-restore |
| wonder-launcher.guard-spec | wonder-launcher.hyper-potion |
| wonder-launcher.ice-heal | wonder-launcher.item-drop |
| wonder-launcher.item-urge | wonder-launcher.max-potion |
| wonder-launcher.max-revive | wonder-launcher.paralyze-heal |
| wonder-launcher.potion | wonder-launcher.reset-urge |
| wonder-launcher.revive | wonder-launcher.super-potion |
| wonder-launcher.x-accuracy-1 | wonder-launcher.x-accuracy-2 |
| wonder-launcher.x-accuracy-3 | wonder-launcher.x-accuracy-6 |
| wonder-launcher.x-attack-1 | wonder-launcher.x-attack-2 |
| wonder-launcher.x-attack-3 | wonder-launcher.x-attack-6 |
| wonder-launcher.x-defense-1 | wonder-launcher.x-defense-2 |
| wonder-launcher.x-defense-3 | wonder-launcher.x-defense-6 |
| wonder-launcher.x-sp-atk-1 | wonder-launcher.x-sp-atk-2 |
| wonder-launcher.x-sp-atk-3 | wonder-launcher.x-sp-atk-6 |
| wonder-launcher.x-sp-def-1 | wonder-launcher.x-sp-def-2 |
| wonder-launcher.x-sp-def-3 | wonder-launcher.x-sp-def-6 |
| wonder-launcher.x-speed-1 | wonder-launcher.x-speed-2 |
| wonder-launcher.x-speed-3 | wonder-launcher.x-speed-6 |
| z-crystals.aloraichium-z--bag | z-crystals.aloraichium-z--held |
| z-crystals.buginium-z--bag | z-crystals.buginium-z--held |
| z-crystals.darkinium-z--bag | z-crystals.darkinium-z--held |
| z-crystals.decidium-z--bag | z-crystals.decidium-z--held |
| z-crystals.dragonium-z--bag | z-crystals.dragonium-z--held |
| z-crystals.eevium-z--bag | z-crystals.eevium-z--held |
| z-crystals.electrium-z--bag | z-crystals.electrium-z--held |
| z-crystals.fairium-z--bag | z-crystals.fairium-z--held |
| z-crystals.fightinium-z--bag | z-crystals.fightinium-z--held |
| z-crystals.firium-z--bag | z-crystals.firium-z--held |
| z-crystals.flyinium-z--bag | z-crystals.flyinium-z--held |
| z-crystals.ghostium-z--bag | z-crystals.ghostium-z--held |
| z-crystals.grassium-z--bag | z-crystals.grassium-z--held |
| z-crystals.groundium-z--bag | z-crystals.groundium-z--held |
| z-crystals.icium-z--bag | z-crystals.icium-z--held |
| z-crystals.incinium-z--bag | z-crystals.incinium-z--held |
| z-crystals.kommonium-z--bag | z-crystals.kommonium-z--held |
| z-crystals.lunalium-z--bag | z-crystals.lunalium-z--held |
| z-crystals.lycanium-z--bag | z-crystals.lycanium-z--held |
| z-crystals.marshadium-z--bag | z-crystals.marshadium-z--held |
| z-crystals.mewnium-z--bag | z-crystals.mewnium-z--held |
| z-crystals.mimikium-z--bag | z-crystals.mimikium-z--held |
| z-crystals.normalium-z--bag | z-crystals.normalium-z--held |
| z-crystals.pikanium-z--bag | z-crystals.pikanium-z--held |
| z-crystals.pikashunium-z--bag | z-crystals.pikashunium-z--held |
| z-crystals.poisonium-z--bag | z-crystals.poisonium-z--held |
| z-crystals.primarium-z--bag | z-crystals.primarium-z--held |
| z-crystals.psychium-z--bag | z-crystals.psychium-z--held |
| z-crystals.rockium-z--bag | z-crystals.rockium-z--held |
| z-crystals.snorlium-z--bag | z-crystals.snorlium-z--held |
| z-crystals.solganium-z--bag | z-crystals.solganium-z--held |
| z-crystals.steelium-z--bag | z-crystals.steelium-z--held |
| z-crystals.tapunium-z--bag | z-crystals.tapunium-z--held |
| z-crystals.ultranecrozium-z--bag | z-crystals.ultranecrozium-z--held |
| z-crystals.waterium-z--bag | z-crystals.waterium-z--held |
